{
  "type": "FeatureCollection",
  "features": [
    {
      "type": "Feature",
      "properties": {
        "code": "3130073",
        "name": "뚝도시장",
        "type": "전통시장",
        "type_code": "R",
        "admin_dong": "성수2가1동",
        "real_name": "뚝도 전통시장"
      },
      "geometry": {
        "type": "Polygon",
        "coordinates": [
          [
            [
              127.05529698134062,
              37.537296165692794
            ],
            [
              127.05528983948884,
              37.53723015905047
            ],
            [
              127.0552667801009,
              37.53724512104378
            ],
            [
              127.05502336697059,
              37.53734796316127
            ],
            [
              127.05500543721577,
              37.53735479118532
            ],
            [
              127.05492533074256,
              37.53738531741974
            ],
            [
              127.05468404493116,
              37.53747726385174
            ],
            [
              127.05431147621283,
              37.53755080694295
            ],
            [
              127.05430024258703,
              37.53755329076062
            ],
            [
              127.05426462530961,
              37.537561160250974
            ],
            [
              127.05406476612858,
              37.537605311733905
            ],
            [
              127.05398012461947,
              37.537624008367686
            ],
            [
              127.05374468278383,
              37.537676018775414
            ],
            [
              127.05374538822925,
              37.537727222298955
            ],
            [
              127.05374622960036,
              37.53778809169081
            ],
            [
              127.05374919900703,
              37.538003087013514
            ],
            [
              127.05374958121034,
              37.53803113587707
            ],
            [
              127.05375077095088,
              37.5381170439026
            ],
            [
              127.0537508570955,
              37.53823705528591
            ],
            [
              127.05375086023868,
              37.53824143414532
            ],
            [
              127.0537509331795,
              37.538344626562164
            ],
            [
              127.0537509329373,
              37.538345865437506
            ],
            [
              127.05375108025525,
              37.53855424958439
            ],
            [
              127.05375113734358,
              37.538752000161814
            ],
            [
              127.05375115855692,
              37.53882095909512
            ],
            [
              127.05375122721026,
              37.53903009019003
            ],
            [
              127.05375126221502,
              37.53914348102974
            ],
            [
              127.05415442512205,
              37.5390409315155
            ],
            [
              127.05488109819883,
              37.53885610005771
            ],
            [
              127.05520035178243,
              37.53877488287371
            ],
            [
              127.05520738946377,
              37.5386626699329
            ],
            [
              127.05522169744037,
              37.538434622815295
            ],
            [
              127.05523895875447,
              37.53815940604544
            ],
            [
              127.0552522865574,
              37.537921979950916
            ],
            [
              127.05525853160253,
              37.53781068638197
            ],
            [
              127.05526756834558,
              37.5377106549082
            ],
            [
              127.0552803759523,
              37.537568859403514
            ],
            [
              127.05529536283537,
              37.53748240321237
            ],
            [
              127.05531041504113,
              37.537395584785315
            ],
            [
              127.05529698134062,
              37.537296165692794
            ]
          ]
        ]
      }
    },
    {
      "type": "Feature",
      "properties": {
        "code": "3130071",
        "name": "성수역 골목형상점가",
        "type": "전통시장",
        "type_code": "R",
        "admin_dong": "성수2가3동",
        "real_name": "수제화거리"
      },
      "geometry": {
        "type": "Polygon",
        "coordinates": [
          [
            [
              127.05431845050956,
              37.54577349501763
            ],
            [
              127.05429648948719,
              37.545727822665214
            ],
            [
              127.0542269101663,
              37.54574767571599
            ],
            [
              127.05215127870439,
              37.54637919011548
            ],
            [
              127.052393500336,
              37.54696938042088
            ],
            [
              127.05252086036518,
              37.547253415978474
            ],
            [
              127.05398622720313,
              37.546011143503016
            ],
            [
              127.05422355546875,
              37.54583579496043
            ],
            [
              127.05425822214534,
              37.54581302971236
            ],
            [
              127.05431845050956,
              37.54577349501763
            ]
          ]
        ]
      }
    },
    {
      "type": "Feature",
      "properties": {
        "code": "3130070",
        "name": "뚝섬역상점가",
        "type": "전통시장",
        "type_code": "R",
        "admin_dong": "성수1가2동",
        "real_name": "뚝섬역 상가"
      },
      "geometry": {
        "type": "MultiPolygon",
        "coordinates": [
          [
            [
              [
                127.05060166025162,
                37.54723098481867
              ],
              [
                127.05058022846868,
                37.54717704399388
              ],
              [
                127.05056220392581,
                37.547131389092975
              ],
              [
                127.05054682403069,
                37.5470925265881
              ],
              [
                127.05053096590272,
                37.54705261101799
              ],
              [
                127.05051527880275,
                37.54701290080001
              ],
              [
                127.05049755274683,
                37.546968425167755
              ],
              [
                127.05048808720188,
                37.54694375175772
              ],
              [
                127.05048298627335,
                37.54693251938387
              ],
              [
                127.05047190143728,
                37.54690788360562
              ],
              [
                127.05046872025511,
                37.54690081032226
              ],
              [
                127.05045700129058,
                37.5468721644675
              ],
              [
                127.05044916781378,
                37.54685292968672
              ],
              [
                127.05032118113445,
                37.54653468211194
              ],
              [
                127.0503581405955,
                37.546329925159974
              ],
              [
                127.0503397925972,
                37.54628403339367
              ],
              [
                127.05033266612942,
                37.546286188017056
              ],
              [
                127.04994546552534,
                37.54639908811811
              ],
              [
                127.04993862076786,
                37.54640119034059
              ],
              [
                127.0496840067362,
                37.54647924856971
              ],
              [
                127.04941965220758,
                37.54656029173136
              ],
              [
                127.04905188734679,
                37.5466730393052
              ],
              [
                127.04876195639548,
                37.54676841659534
              ],
              [
                127.0487150305663,
                37.54693624970762
              ],
              [
                127.04870514185384,
                37.54697162159608
              ],
              [
                127.04865475841864,
                37.54712508066842
              ],
              [
                127.04854341521427,
                37.54749533338868
              ],
              [
                127.04853132276203,
                37.54753891876901
              ],
              [
                127.04850159902695,
                37.54764602369472
              ],
              [
                127.04858485813074,
                37.54766072890539
              ],
              [
                127.04868522926675,
                37.54767845706202
              ],
              [
                127.0487166059649,
                37.54760948978542
              ],
              [
                127.04908204726462,
                37.547497038864705
              ],
              [
                127.04907968363527,
                37.54748025333895
              ],
              [
                127.04912010217086,
                37.54746237062753
              ],
              [
                127.04914246866475,
                37.547448836428536
              ],
              [
                127.04912365840212,
                37.54739101815322
              ],
              [
                127.04910875331186,
                37.54734520496031
              ],
              [
                127.04916873358286,
                37.54732508322167
              ],
              [
                127.04948259692912,
                37.54722379337249
              ],
              [
                127.04963249876991,
                37.54751540539359
              ],
              [
                127.04972389848558,
                37.54769321238222
              ],
              [
                127.04989279732693,
                37.54802177771737
              ],
              [
                127.04989303479317,
                37.54802151632741
              ],
              [
                127.04997513066586,
                37.54799970537316
              ],
              [
                127.05026690976153,
                37.54793017849441
              ],
              [
                127.0508060213044,
                37.547801711320155
              ],
              [
                127.05082392626089,
                37.54779744549498
              ],
              [
                127.05081220940481,
                37.54776731213015
              ],
              [
                127.05079120298609,
                37.54771363966322
              ],
              [
                127.05077683099846,
                37.54767626340659
              ],
              [
                127.05076559812609,
                37.54764722994787
              ],
              [
                127.05074835646285,
                37.54760328664014
              ],
              [
                127.0507302663197,
                37.54755798408698
              ],
              [
                127.05071301497719,
                37.54751472553664
              ],
              [
                127.0506954130284,
                37.54747005256592
              ],
              [
                127.05067623324301,
                37.547421460023656
              ],
              [
                127.05066019565113,
                37.54738076068124
              ],
              [
                127.05064324999135,
                37.547337600197096
              ],
              [
                127.05062913808696,
                37.54730140411696
              ],
              [
                127.05060166025162,
                37.54723098481867
              ]
            ]
          ],
          [
            [
              [
                127.04769421369865,
                37.550428619855396
              ],
              [
                127.04773263636164,
                37.55028763502972
              ],
              [
                127.04779997700354,
                37.550298818009814
              ],
              [
                127.04796084538984,
                37.55032553225096
              ],
              [
                127.04806526197856,
                37.550342870952015
              ],
              [
                127.04828328498184,
                37.55038027524546
              ],
              [
                127.04861770081445,
                37.55043763433343
              ],
              [
                127.04863208565394,
                37.55038590299649
              ],
              [
                127.0486888299525,
                37.550176561476974
              ],
              [
                127.04872018296084,
                37.550060906304026
              ],
              [
                127.0487569309517,
                37.54994254769976
              ],
              [
                127.04891049860943,
                37.549447940561
              ],
              [
                127.04892513612393,
                37.54940075911748
              ],
              [
                127.04918506632329,
                37.549536721722816
              ],
              [
                127.04941770744571,
                37.549658405341305
              ],
              [
                127.04941917909721,
                37.54965918048505
              ],
              [
                127.04950137487437,
                37.549701664171664
              ],
              [
                127.0495424854736,
                37.549734363084134
              ],
              [
                127.04979335800395,
                37.54985676811599
              ],
              [
                127.0498159865468,
                37.549833099254066
              ],
              [
                127.05024379455915,
                37.549385716421924
              ],
              [
                127.05019630459867,
                37.54935780476578
              ],
              [
                127.04951641257121,
                37.54895809714655
              ],
              [
                127.04919674600039,
                37.54877221780944
              ],
              [
                127.04923000447278,
                37.548737488472554
              ],
              [
                127.04944085411728,
                37.54851733687411
              ],
              [
                127.04956347298389,
                37.54838931933704
              ],
              [
                127.04956905935825,
                37.54838348753087
              ],
              [
                127.0496196757461,
                37.54832693851785
              ],
              [
                127.0497204277025,
                37.54821436771185
              ],
              [
                127.04913517715886,
                37.54789110190681
              ],
              [
                127.04901226159782,
                37.547977193861605
              ],
              [
                127.04885500798811,
                37.54802192874242
              ],
              [
                127.0486003777431,
                37.54805387150924
              ],
              [
                127.04858689171638,
                37.54797814721757
              ],
              [
                127.04857689671665,
                37.547921533472
              ],
              [
                127.0485740656572,
                37.54788355754075
              ],
              [
                127.04850755584512,
                37.5478712871502
              ],
              [
                127.04844241660858,
                37.54785926934052
              ],
              [
                127.04842812928054,
                37.547910752861796
              ],
              [
                127.04835420741554,
                37.54817710665718
              ],
              [
                127.0483473770806,
                37.548201859887556
              ],
              [
                127.04833796136268,
                37.54823596834396
              ],
              [
                127.04832689619208,
                37.54827605560064
              ],
              [
                127.0482697660693,
                37.5484830816049
              ],
              [
                127.04819434358193,
                37.548756336636245
              ],
              [
                127.04818650571544,
                37.54878242374403
              ],
              [
                127.04813607264445,
                37.54895022646583
              ],
              [
                127.04813341897965,
                37.54895905643244
              ],
              [
                127.04813259460732,
                37.54896173363519
              ],
              [
                127.04809571956656,
                37.549082166215385
              ],
              [
                127.04801937407287,
                37.54906869762642
              ],
              [
                127.0478916215968,
                37.54904616147702
              ],
              [
                127.047876839419,
                37.54908392922137
              ],
              [
                127.04785500393079,
                37.54913971528803
              ],
              [
                127.04775829033727,
                37.549479617386645
              ],
              [
                127.0477030839065,
                37.54964598744507
              ],
              [
                127.04769935663398,
                37.549657220797506
              ],
              [
                127.04760274411389,
                37.54998560703788
              ],
              [
                127.04758119294777,
                37.55001764081122
              ],
              [
                127.04749277515008,
                37.5500985112797
              ],
              [
                127.04743926315989,
                37.55014745700285
              ],
              [
                127.04736087746497,
                37.55026634637178
              ],
              [
                127.0473579118012,
                37.550281294223005
              ],
              [
                127.04738496007872,
                37.550303665071695
              ],
              [
                127.04727449571482,
                37.55038958169994
              ],
              [
                127.04747594780659,
                37.55052544260017
              ],
              [
                127.04763019009876,
                37.550629462005425
              ],
              [
                127.04767778882162,
                37.55048014287004
              ],
              [
                127.04769421369865,
                37.550428619855396
              ]
            ]
          ]
        ]
      }
    },
    {
      "type": "Feature",
      "properties": {
        "code": "3120052",
        "name": "성수역",
        "type": "발달상권",
        "type_code": "D",
        "admin_dong": "성수2가3동",
        "real_name": "연무장길"
      },
      "geometry": {
        "type": "Polygon",
        "coordinates": [
          [
            [
              127.05534062279249,
              37.54806413700726
            ],
            [
              127.05539780317098,
              37.54804820846929
            ],
            [
              127.05566122355594,
              37.54860267447233
            ],
            [
              127.05572528670928,
              37.548572877065254
            ],
            [
              127.05572590850832,
              37.54857207488306
            ],
            [
              127.05591360973814,
              37.54849647255838
            ],
            [
              127.0558953304143,
              37.54845689493814
            ],
            [
              127.05570677693704,
              37.54804866227326
            ],
            [
              127.05559965171174,
              37.54781672272072
            ],
            [
              127.05582356370384,
              37.547755831199254
            ],
            [
              127.05576020975016,
              37.54762620921932
            ],
            [
              127.05562520989665,
              37.54735000144629
            ],
            [
              127.05554830087631,
              37.54719264757925
            ],
            [
              127.05552214932075,
              37.54713914054982
            ],
            [
              127.05550552792124,
              37.54714783399254
            ],
            [
              127.05547759218176,
              37.54708864338996
            ],
            [
              127.05538048841863,
              37.54688291885886
            ],
            [
              127.05532502539971,
              37.546765407755366
            ],
            [
              127.05530436281869,
              37.54672163069164
            ],
            [
              127.05526174104021,
              37.54663424564596
            ],
            [
              127.05520993954089,
              37.54652805472192
            ],
            [
              127.05514864332986,
              37.546402399423286
            ],
            [
              127.05514115216276,
              37.546387040890075
            ],
            [
              127.05503994988139,
              37.546174354146736
            ],
            [
              127.05500421810012,
              37.54609654250608
            ],
            [
              127.05495180950368,
              37.5459824103366
            ],
            [
              127.05493345101428,
              37.54597837339315
            ],
            [
              127.0549731899609,
              37.54596725819593
            ],
            [
              127.05492411475723,
              37.54586645564097
            ],
            [
              127.05516310746812,
              37.54578976382527
            ],
            [
              127.05506021484997,
              37.54555639993895
            ],
            [
              127.05503956862003,
              37.54550957112831
            ],
            [
              127.05505575469331,
              37.54550482883267
            ],
            [
              127.05547238104099,
              37.545382754803036
            ],
            [
              127.05558063737162,
              37.54535103377994
            ],
            [
              127.0562204145866,
              37.54516356997305
            ],
            [
              127.0562392740585,
              37.54520503037713
            ],
            [
              127.05637846687586,
              37.54551102347714
            ],
            [
              127.0568601643619,
              37.54537029882519
            ],
            [
              127.05692162481918,
              37.54551583372158
            ],
            [
              127.05701204196464,
              37.54584156341773
            ],
            [
              127.05684826089362,
              37.54600015152775
            ],
            [
              127.05663178647063,
              37.54616468335191
            ],
            [
              127.057037643792,
              37.54650349155529
            ],
            [
              127.05709331765995,
              37.546549968806715
            ],
            [
              127.0575799089532,
              37.546440102593024
            ],
            [
              127.05768631716104,
              37.54641607687883
            ],
            [
              127.05781693981854,
              37.546376731243434
            ],
            [
              127.05861726379858,
              37.54613569246673
            ],
            [
              127.05830652908459,
              37.54538826310736
            ],
            [
              127.05946050499497,
              37.5450342248231
            ],
            [
              127.05961406663988,
              37.54498590069741
            ],
            [
              127.06023396653741,
              37.544790827946485
            ],
            [
              127.06103451778041,
              37.54455353788997
            ],
            [
              127.06247145378211,
              37.5441275995035
            ],
            [
              127.06236890585132,
              37.54390879288282
            ],
            [
              127.06212557425354,
              37.54338921664002
            ],
            [
              127.06185376348122,
              37.54280879315862
            ],
            [
              127.06184866152996,
              37.54281037257993
            ],
            [
              127.0604319083232,
              37.543249257628204
            ],
            [
              127.06042391026743,
              37.54325173045935
            ],
            [
              127.06015215752356,
              37.542684241365365
            ],
            [
              127.05956051558564,
              37.54286183993383
            ],
            [
              127.05872700158729,
              37.543109874569545
            ],
            [
              127.05837400021207,
              37.542371835506444
            ],
            [
              127.0582754244728,
              37.542165735499644
            ],
            [
              127.05805169999654,
              37.54168692116295
            ],
            [
              127.05803006897084,
              37.541642108865
            ],
            [
              127.05802816958425,
              37.541642681032144
            ],
            [
              127.0580260473376,
              37.54164331818075
            ],
            [
              127.05688398129354,
              37.54198735292209
            ],
            [
              127.05688126293606,
              37.54198083910349
            ],
            [
              127.05657675834203,
              37.54124146469857
            ],
            [
              127.05657268897527,
              37.5412319160513
            ],
            [
              127.05644960521188,
              37.54094299821136
            ],
            [
              127.05590476926498,
              37.5410756160661
            ],
            [
              127.05579097181892,
              37.54110330985351
            ],
            [
              127.05614831505656,
              37.541928812973296
            ],
            [
              127.05625083637196,
              37.54216711731423
            ],
            [
              127.05625500996204,
              37.54217681548736
            ],
            [
              127.05625347255676,
              37.542177278432504
            ],
            [
              127.056251349149,
              37.542177916450726
            ],
            [
              127.05624819854528,
              37.542178868506014
            ],
            [
              127.05624699939229,
              37.54217923037803
            ],
            [
              127.05562029644489,
              37.54236800011335
            ],
            [
              127.05561851580988,
              37.542368541551774
            ],
            [
              127.05561224284719,
              37.542370430298185
            ],
            [
              127.05560479448191,
              37.54237267369057
            ],
            [
              127.05562580841644,
              37.54240642694911
            ],
            [
              127.05562603515871,
              37.542407012492
            ],
            [
              127.05562928874534,
              37.54241519203504
            ],
            [
              127.05581108714085,
              37.542847936498156
            ],
            [
              127.05576352799541,
              37.54286259930672
            ],
            [
              127.0551360724072,
              37.54305596010309
            ],
            [
              127.05525426902548,
              37.54331945529316
            ],
            [
              127.05457787423025,
              37.54351895288429
            ],
            [
              127.05427245526292,
              37.54360902780276
            ],
            [
              127.05412441161037,
              37.54365269240685
            ],
            [
              127.05385735336489,
              37.54373145733748
            ],
            [
              127.05381707849531,
              37.543743331949756
            ],
            [
              127.05362841413908,
              37.543800286157065
            ],
            [
              127.05283391101932,
              37.544040127221635
            ],
            [
              127.05279867039617,
              37.544050764864465
            ],
            [
              127.05281531169194,
              37.54407721887063
            ],
            [
              127.05310931530387,
              37.54470591149264
            ],
            [
              127.05315048161786,
              37.544790046294125
            ],
            [
              127.05335089427541,
              37.5451995492262
            ],
            [
              127.05335141555906,
              37.545200612169644
            ],
            [
              127.05342447452134,
              37.54535403730482
            ],
            [
              127.053016627497,
              37.545476525440776
            ],
            [
              127.0520986097408,
              37.54575326504416
            ],
            [
              127.05191686961538,
              37.54580805104661
            ],
            [
              127.05198471785076,
              37.545973354515176
            ],
            [
              127.05215127870439,
              37.54637919011548
            ],
            [
              127.0542269101663,
              37.54574767571599
            ],
            [
              127.05429648948719,
              37.545727822665214
            ],
            [
              127.05431845050956,
              37.54577349501763
            ],
            [
              127.05425822214534,
              37.54581302971236
            ],
            [
              127.05422355546875,
              37.54583579496043
            ],
            [
              127.05398622720313,
              37.546011143503016
            ],
            [
              127.05252086036518,
              37.547253415978474
            ],
            [
              127.05252360201978,
              37.54725953163984
            ],
            [
              127.05309576119302,
              37.54773386333483
            ],
            [
              127.05362535553515,
              37.54817289961589
            ],
            [
              127.05364429164291,
              37.54818012603387
            ],
            [
              127.05368365163424,
              37.54820044368553
            ],
            [
              127.05374182691281,
              37.54822987086843
            ],
            [
              127.05374528976668,
              37.54823156316977
            ],
            [
              127.0538706727369,
              37.54832765249976
            ],
            [
              127.05387101240025,
              37.54832789651543
            ],
            [
              127.05439266178661,
              37.548706935437934
            ],
            [
              127.0544099835383,
              37.548719208068015
            ],
            [
              127.05500876819565,
              37.54820928347746
            ],
            [
              127.05534062279249,
              37.54806413700726
            ]
          ]
        ]
      }
    },
    {
      "type": "Feature",
      "properties": {
        "code": "3120051",
        "name": "뚝섬역",
        "type": "발달상권",
        "type_code": "D",
        "admin_dong": "성수1가2동",
        "real_name": "뚝섬 카페거리"
      },
      "geometry": {
        "type": "Polygon",
        "coordinates": [
          [
            [
              127.04606069265273,
              37.54923437957104
            ],
            [
              127.04662908458376,
              37.54881646526811
            ],
            [
              127.0468616206382,
              37.549019133929086
            ],
            [
              127.04698096159066,
              37.54893935714429
            ],
            [
              127.04703793472153,
              37.548901270876954
            ],
            [
              127.0470403720344,
              37.548834281563096
            ],
            [
              127.04703839932671,
              37.54880863992939
            ],
            [
              127.04708219028966,
              37.54857860023718
            ],
            [
              127.04705092767642,
              37.54852965243335
            ],
            [
              127.04700585811462,
              37.548459088853754
            ],
            [
              127.04699669040788,
              37.54845846811089
            ],
            [
              127.04712516995932,
              37.54843360069977
            ],
            [
              127.0471149176242,
              37.548414156735326
            ],
            [
              127.04711023841983,
              37.54840528376562
            ],
            [
              127.0470515423303,
              37.548294096905295
            ],
            [
              127.04696091693275,
              37.548136665444005
            ],
            [
              127.04692453131693,
              37.54808525360687
            ],
            [
              127.04767297346427,
              37.547853774658556
            ],
            [
              127.04795913933336,
              37.54776526809887
            ],
            [
              127.04801631150859,
              37.547873824221206
            ],
            [
              127.04834692950152,
              37.54777694367653
            ],
            [
              127.04838278225111,
              37.54783602549831
            ],
            [
              127.04842812928054,
              37.547910752861796
            ],
            [
              127.04844241660858,
              37.54785926934052
            ],
            [
              127.04850159902695,
              37.54764602369472
            ],
            [
              127.04853132276203,
              37.54753891876901
            ],
            [
              127.04854341521427,
              37.54749533338868
            ],
            [
              127.04865475841864,
              37.54712508066842
            ],
            [
              127.04870514185384,
              37.54697162159608
            ],
            [
              127.0487150305663,
              37.54693624970762
            ],
            [
              127.04876195639548,
              37.54676841659534
            ],
            [
              127.04905188734679,
              37.5466730393052
            ],
            [
              127.04941965220758,
              37.54656029173136
            ],
            [
              127.0496840067362,
              37.54647924856971
            ],
            [
              127.04993862076786,
              37.54640119034059
            ],
            [
              127.04994546552534,
              37.54639908811811
            ],
            [
              127.05033266612942,
              37.546286188017056
            ],
            [
              127.0503397925972,
              37.54628403339367
            ],
            [
              127.0503581405955,
              37.546329925159974
            ],
            [
              127.05032118113445,
              37.54653468211194
            ],
            [
              127.05044916781378,
              37.54685292968672
            ],
            [
              127.05045700129058,
              37.5468721644675
            ],
            [
              127.05046872025511,
              37.54690081032226
            ],
            [
              127.05047190143728,
              37.54690788360562
            ],
            [
              127.05048298627335,
              37.54693251938387
            ],
            [
              127.05048808720188,
              37.54694375175772
            ],
            [
              127.05049755274683,
              37.546968425167755
            ],
            [
              127.05051527880275,
              37.54701290080001
            ],
            [
              127.05053096590272,
              37.54705261101799
            ],
            [
              127.05054682403069,
              37.5470925265881
            ],
            [
              127.05056220392581,
              37.547131389092975
            ],
            [
              127.05058022846868,
              37.54717704399388
            ],
            [
              127.05060166025162,
              37.54723098481867
            ],
            [
              127.05062913808696,
              37.54730140411696
            ],
            [
              127.05064324999135,
              37.547337600197096
            ],
            [
              127.05066019565113,
              37.54738076068124
            ],
            [
              127.05067623324301,
              37.547421460023656
            ],
            [
              127.0506954130284,
              37.54747005256592
            ],
            [
              127.05071301497719,
              37.54751472553664
            ],
            [
              127.0507302663197,
              37.54755798408698
            ],
            [
              127.05074835646285,
              37.54760328664014
            ],
            [
              127.05076559812609,
              37.54764722994787
            ],
            [
              127.05077683099846,
              37.54767626340659
            ],
            [
              127.05079120298609,
              37.54771363966322
            ],
            [
              127.05081220940481,
              37.54776731213015
            ],
            [
              127.05082392626089,
              37.54779744549498
            ],
            [
              127.05083195553131,
              37.54781809383048
            ],
            [
              127.05084311211861,
              37.54785302885646
            ],
            [
              127.05095827699421,
              37.54814399998832
            ],
            [
              127.0509591734934,
              37.54814603495742
            ],
            [
              127.05098573641062,
              37.5482063282325
            ],
            [
              127.05100645561545,
              37.54825825284693
            ],
            [
              127.05102434395891,
              37.54830417802956
            ],
            [
              127.0510521148737,
              37.54837341768251
            ],
            [
              127.05107122356613,
              37.548419927978586
            ],
            [
              127.05109429127455,
              37.54847720259071
            ],
            [
              127.05111047810482,
              37.54851866855167
            ],
            [
              127.05111182032388,
              37.54852214041934
            ],
            [
              127.05117283621895,
              37.548461969631774
            ],
            [
              127.051194428958,
              37.54844067598161
            ],
            [
              127.05119144761619,
              37.54843312870768
            ],
            [
              127.05125808019726,
              37.548367165622835
            ],
            [
              127.05127667040199,
              37.54834876907029
            ],
            [
              127.05162977165006,
              37.54799922324254
            ],
            [
              127.05171865447473,
              37.547925033955174
            ],
            [
              127.05176269005261,
              37.54796227906477
            ],
            [
              127.0520368889692,
              37.5481941954386
            ],
            [
              127.05226518614437,
              37.54838867607839
            ],
            [
              127.05245967759302,
              37.548562912340294
            ],
            [
              127.05265960520698,
              37.54874201845245
            ],
            [
              127.05270848746905,
              37.5487858113019
            ],
            [
              127.0527355692582,
              37.548756266278964
            ],
            [
              127.0527927604788,
              37.548704434205966
            ],
            [
              127.05295719541391,
              37.54855542820997
            ],
            [
              127.05297761540143,
              37.54854546391659
            ],
            [
              127.05365197882112,
              37.54821652198584
            ],
            [
              127.05366931942294,
              37.54820806363921
            ],
            [
              127.05368365163424,
              37.54820044368553
            ],
            [
              127.05364429164291,
              37.54818012603387
            ],
            [
              127.05362535553515,
              37.54817289961589
            ],
            [
              127.05309576119302,
              37.54773386333483
            ],
            [
              127.05252360201978,
              37.54725953163984
            ],
            [
              127.05252086036518,
              37.547253415978474
            ],
            [
              127.052393500336,
              37.54696938042088
            ],
            [
              127.05215127870439,
              37.54637919011548
            ],
            [
              127.05198471785076,
              37.545973354515176
            ],
            [
              127.05191686961538,
              37.54580805104661
            ],
            [
              127.0520986097408,
              37.54575326504416
            ],
            [
              127.05204055959034,
              37.545602248063176
            ],
            [
              127.05190665190909,
              37.54525392759781
            ],
            [
              127.05177879899108,
              37.544921380800126
            ],
            [
              127.05163180177954,
              37.54453901696058
            ],
            [
              127.05160532311753,
              37.544470130926605
            ],
            [
              127.05152586596601,
              37.54428655098836
            ],
            [
              127.05151744506227,
              37.54426711019748
            ],
            [
              127.051473254411,
              37.54427747203902
            ],
            [
              127.05117499916858,
              37.544347424609555
            ],
            [
              127.05105444824754,
              37.54442271833782
            ],
            [
              127.05085244813914,
              37.54454992477922
            ],
            [
              127.05081628787134,
              37.544575140393086
            ],
            [
              127.05056575197216,
              37.5447498030235
            ],
            [
              127.05050052302708,
              37.54469016586996
            ],
            [
              127.05036031198206,
              37.54460719597026
            ],
            [
              127.05034924303317,
              37.544600562128196
            ],
            [
              127.05017445165058,
              37.544495720573565
            ],
            [
              127.05014910288062,
              37.54447805553869
            ],
            [
              127.04991031376463,
              37.544311631324405
            ],
            [
              127.0498353757263,
              37.54415843183019
            ],
            [
              127.04981422181004,
              37.54411519279014
            ],
            [
              127.04981140249052,
              37.54410919152215
            ],
            [
              127.04970027819759,
              37.544142721280714
            ],
            [
              127.04959247321631,
              37.5441753530463
            ],
            [
              127.0495937000692,
              37.544179129520025
            ],
            [
              127.04958492543108,
              37.54417154408797
            ],
            [
              127.04957027729566,
              37.54417488303429
            ],
            [
              127.04955274410796,
              37.544178879116984
            ],
            [
              127.04953289722044,
              37.54418340235123
            ],
            [
              127.04949439277522,
              37.544252452159874
            ],
            [
              127.04944835869209,
              37.544335008384394
            ],
            [
              127.04943770451698,
              37.54434626722711
            ],
            [
              127.04941721823032,
              37.54436791329931
            ],
            [
              127.04940420225095,
              37.544435430619295
            ],
            [
              127.04934741307271,
              37.54444862246906
            ],
            [
              127.04934054098533,
              37.54445021830734
            ],
            [
              127.04923038308712,
              37.54464664697683
            ],
            [
              127.04922895219872,
              37.54464920100512
            ],
            [
              127.04922565233281,
              37.54465404885554
            ],
            [
              127.04912218285678,
              37.54480608600327
            ],
            [
              127.04911707420572,
              37.544813593451565
            ],
            [
              127.04911462043046,
              37.54481451709534
            ],
            [
              127.0490969807892,
              37.54483417702507
            ],
            [
              127.04885324525637,
              37.54510586899463
            ],
            [
              127.04861616203839,
              37.5453485320243
            ],
            [
              127.04833914516394,
              37.54563206582429
            ],
            [
              127.04828886016678,
              37.54568353074183
            ],
            [
              127.04790749386066,
              37.5460967229561
            ],
            [
              127.04777322654142,
              37.54623776387255
            ],
            [
              127.04776232528155,
              37.54624921907835
            ],
            [
              127.04759128757499,
              37.546417364987065
            ],
            [
              127.04752878209189,
              37.54647881126024
            ],
            [
              127.04738595747304,
              37.54663256556333
            ],
            [
              127.0470480128064,
              37.54602729336488
            ],
            [
              127.04681008296049,
              37.54611355586473
            ],
            [
              127.04678917530083,
              37.54612022343462
            ],
            [
              127.04656747239923,
              37.54619089083014
            ],
            [
              127.04654735552323,
              37.54619730576555
            ],
            [
              127.0461941360236,
              37.54629924294243
            ],
            [
              127.04612871433922,
              37.546310844552174
            ],
            [
              127.04594956461797,
              37.54593279395392
            ],
            [
              127.0459478570211,
              37.545929060878414
            ],
            [
              127.04594291434461,
              37.54592923489241
            ],
            [
              127.04593573285679,
              37.545917485055
            ],
            [
              127.04592412127961,
              37.545898487501965
            ],
            [
              127.04593293622625,
              37.54589642709256
            ],
            [
              127.04592418408826,
              37.54587728336628
            ],
            [
              127.04585793586159,
              37.54573239242615
            ],
            [
              127.04576676990027,
              37.545533001561964
            ],
            [
              127.04574884470081,
              37.54553150383958
            ],
            [
              127.04582263407332,
              37.54551106850003
            ],
            [
              127.04572658037088,
              37.54526959382471
            ],
            [
              127.04565391903753,
              37.545163264397644
            ],
            [
              127.04563036368208,
              37.54512914545667
            ],
            [
              127.0456001359541,
              37.54501970465681
            ],
            [
              127.0456222595079,
              37.54500503775587
            ],
            [
              127.04554381099169,
              37.544758022170505
            ],
            [
              127.04553076946945,
              37.544746601628816
            ],
            [
              127.04549793305814,
              37.54470115256805
            ],
            [
              127.04534045694867,
              37.54459856139618
            ],
            [
              127.04527552322118,
              37.54453162404743
            ],
            [
              127.04520934964403,
              37.54440136040409
            ],
            [
              127.04517278142883,
              37.544289864927016
            ],
            [
              127.0450577368683,
              37.543939109305775
            ],
            [
              127.04503360397048,
              37.54386553029168
            ],
            [
              127.0449347367489,
              37.543898297656995
            ],
            [
              127.04483765921866,
              37.54393048221425
            ],
            [
              127.04487000502368,
              37.54404217672544
            ],
            [
              127.04495757800795,
              37.54443280499523
            ],
            [
              127.04496352107968,
              37.54457613189067
            ],
            [
              127.04494555732556,
              37.544760688598124
            ],
            [
              127.04492457345115,
              37.54492662279308
            ],
            [
              127.0449015903768,
              37.5451082990961
            ],
            [
              127.04488842688697,
              37.545212341571336
            ],
            [
              127.04482272737224,
              37.54564316573591
            ],
            [
              127.0447943194828,
              37.54582943194229
            ],
            [
              127.04475247219838,
              37.54610386057732
            ],
            [
              127.04473594443475,
              37.54621225161317
            ],
            [
              127.044632273383,
              37.54622350647915
            ],
            [
              127.04461879835443,
              37.5462253937585
            ],
            [
              127.04462177233721,
              37.54621805760197
            ],
            [
              127.0446385742504,
              37.54617631787937
            ],
            [
              127.04465204747078,
              37.54614106029865
            ],
            [
              127.04462460607795,
              37.54614630637741
            ],
            [
              127.04457005819677,
              37.546156738923415
            ],
            [
              127.04456740378157,
              37.54615724628671
            ],
            [
              127.04456547124047,
              37.54615761552468
            ],
            [
              127.04453888807312,
              37.54608950822794
            ],
            [
              127.04422666860499,
              37.54615905205747
            ],
            [
              127.04415488812069,
              37.54617416074251
            ],
            [
              127.04413304325513,
              37.54617892077767
            ],
            [
              127.04414241556624,
              37.5462276685278
            ],
            [
              127.04419592780725,
              37.546596166095135
            ],
            [
              127.04420124191773,
              37.546632779801435
            ],
            [
              127.04421102217417,
              37.54682027491413
            ],
            [
              127.0442130743859,
              37.54685963608437
            ],
            [
              127.0442486339052,
              37.54688453358177
            ],
            [
              127.04429119419144,
              37.5469143352826
            ],
            [
              127.04428041193161,
              37.54693673004955
            ],
            [
              127.044265833269,
              37.54696701448381
            ],
            [
              127.04424314753679,
              37.54701413441483
            ],
            [
              127.04417732559072,
              37.54717550903251
            ],
            [
              127.04413084590679,
              37.547290681271406
            ],
            [
              127.0441273792003,
              37.54729928800673
            ],
            [
              127.04412461672315,
              37.54730851977196
            ],
            [
              127.04409138338262,
              37.54741960281455
            ],
            [
              127.04394723529293,
              37.54785531919014
            ],
            [
              127.04389343494557,
              37.54802549010751
            ],
            [
              127.0438427463987,
              37.54809919171203
            ],
            [
              127.04384326583437,
              37.54809922755912
            ],
            [
              127.04431625401689,
              37.54813078056144
            ],
            [
              127.04438852118138,
              37.54813560259202
            ],
            [
              127.04465961416051,
              37.54824035049013
            ],
            [
              127.04466509985924,
              37.54823396213663
            ],
            [
              127.04466698791528,
              37.54823291446198
            ],
            [
              127.044865525568,
              37.548124974333355
            ],
            [
              127.04487699572465,
              37.54811935855476
            ],
            [
              127.0450498341585,
              37.548284894495886
            ],
            [
              127.04511705415614,
              37.548349275819504
            ],
            [
              127.04541709020512,
              37.54863663342281
            ],
            [
              127.04550059543303,
              37.54871660094096
            ],
            [
              127.04553603389371,
              37.54875054771907
            ],
            [
              127.04554020924732,
              37.54874994063776
            ],
            [
              127.04565018180027,
              37.54873411447964
            ],
            [
              127.04566808716868,
              37.548759353536646
            ],
            [
              127.04592033333287,
              37.54911479965461
            ],
            [
              127.0460273718792,
              37.54925887809994
            ],
            [
              127.04606069265273,
              37.54923437957104
            ]
          ]
        ]
      }
    },
    {
      "type": "Feature",
      "properties": {
        "code": "3120050",
        "name": "서울숲역",
        "type": "발달상권",
        "type_code": "D",
        "admin_dong": "성수1가1동",
        "real_name": "서울숲 입구"
      },
      "geometry": {
        "type": "Polygon",
        "coordinates": [
          [
            [
              127.0457625601341,
              37.542409561087254
            ],
            [
              127.04628123841015,
              37.54221751721163
            ],
            [
              127.04652473469898,
              37.54265893744069
            ],
            [
              127.04655434653624,
              37.54271261633165
            ],
            [
              127.04655581229733,
              37.54272056347051
            ],
            [
              127.04658767517849,
              37.54289302203079
            ],
            [
              127.04662818293427,
              37.54311225975899
            ],
            [
              127.04666207144587,
              37.543224519913664
            ],
            [
              127.04700574913988,
              37.54314213677476
            ],
            [
              127.04710611725366,
              37.54312212252235
            ],
            [
              127.04724272825779,
              37.54308876070045
            ],
            [
              127.04783706862361,
              37.5429223140548
            ],
            [
              127.04783738540927,
              37.542922240945515
            ],
            [
              127.04845815121132,
              37.542786946935614
            ],
            [
              127.04872526181721,
              37.54270509564338
            ],
            [
              127.04888613813137,
              37.54265579853894
            ],
            [
              127.0489848553922,
              37.54262554080921
            ],
            [
              127.04883109176264,
              37.54226665438229
            ],
            [
              127.04871000120713,
              37.54198926138913
            ],
            [
              127.0485669521942,
              37.54166153663825
            ],
            [
              127.0484230353262,
              37.54131965824669
            ],
            [
              127.04835627845817,
              37.54116106549974
            ],
            [
              127.04833716596511,
              37.54111895248729
            ],
            [
              127.04810767379901,
              37.54061324383971
            ],
            [
              127.04810605715002,
              37.54061367607723
            ],
            [
              127.04803821228163,
              37.54063197597246
            ],
            [
              127.04803640217845,
              37.540632462347695
            ],
            [
              127.0479082552039,
              37.54068001241399
            ],
            [
              127.04746163520588,
              37.54082030994615
            ],
            [
              127.04713087117071,
              37.54092582696246
            ],
            [
              127.04673221747777,
              37.54105301105036
            ],
            [
              127.04656521628692,
              37.54110636935552
            ],
            [
              127.04588250339727,
              37.541324505540516
            ],
            [
              127.04580269026133,
              37.541350005984924
            ],
            [
              127.04585825076074,
              37.54145072520021
            ],
            [
              127.04592783979687,
              37.541576877757656
            ],
            [
              127.04600493642747,
              37.541558879110404
            ],
            [
              127.04654500099087,
              37.54143279871789
            ],
            [
              127.04658840131206,
              37.54135044824917
            ],
            [
              127.04674561175119,
              37.54128945511367
            ],
            [
              127.04698207814502,
              37.54120161470803
            ],
            [
              127.04714922715304,
              37.54154125291355
            ],
            [
              127.04697133644152,
              37.54162696022286
            ],
            [
              127.04673284227522,
              37.54170234418212
            ],
            [
              127.04617551157172,
              37.541878506137664
            ],
            [
              127.0461062936118,
              37.54190038242498
            ],
            [
              127.04619624892044,
              37.54206345342917
            ],
            [
              127.045680545005,
              37.54223483496411
            ],
            [
              127.04558964509646,
              37.54226203973538
            ],
            [
              127.04511302475362,
              37.54240468072624
            ],
            [
              127.04457136769066,
              37.54256678342143
            ],
            [
              127.04445676883556,
              37.5426010799204
            ],
            [
              127.04470216672702,
              37.543461206615156
            ],
            [
              127.0447311816339,
              37.54356288061805
            ],
            [
              127.04483765921866,
              37.54393048221425
            ],
            [
              127.0449347367489,
              37.543898297656995
            ],
            [
              127.04503360397048,
              37.54386553029168
            ],
            [
              127.04523091956146,
              37.54380013422658
            ],
            [
              127.04539456828743,
              37.54373025749443
            ],
            [
              127.04537497354089,
              37.54367679792095
            ],
            [
              127.04529544214566,
              37.54345981824665
            ],
            [
              127.0452258818792,
              37.54327003856823
            ],
            [
              127.04522712897288,
              37.543229038111164
            ],
            [
              127.045281895132,
              37.54318655301907
            ],
            [
              127.04589822176811,
              37.54290891175039
            ],
            [
              127.04575600938867,
              37.542696088688444
            ],
            [
              127.0457699228455,
              37.542651718079874
            ],
            [
              127.04571468054105,
              37.542463693666136
            ],
            [
              127.0457625601341,
              37.542409561087254
            ]
          ]
        ]
      }
    },
    {
      "type": "Feature",
      "properties": {
        "code": "3110137",
        "name": "성수초등학교",
        "type": "골목상권",
        "type_code": "A",
        "admin_dong": "성수2가3동",
        "real_name": "성수IT밸리"
      },
      "geometry": {
        "type": "Polygon",
        "coordinates": [
          [
            [
              127.06247145378211,
              37.5441275995035
            ],
            [
              127.06268274322377,
              37.54406496179074
            ],
            [
              127.06401311606669,
              37.54365289868159
            ],
            [
              127.06431614778984,
              37.54421022821436
            ],
            [
              127.06435219870085,
              37.5442765491453
            ],
            [
              127.06440582805917,
              37.54437518742813
            ],
            [
              127.06281671460023,
              37.544860846793945
            ],
            [
              127.0627408274658,
              37.544702356340885
            ],
            [
              127.06247145378211,
              37.5441275995035
            ],
            [
              127.06103451778041,
              37.54455353788997
            ],
            [
              127.06023396653741,
              37.544790827946485
            ],
            [
              127.05961406663988,
              37.54498590069741
            ],
            [
              127.05946050499497,
              37.5450342248231
            ],
            [
              127.05830652908459,
              37.54538826310736
            ],
            [
              127.05861726379858,
              37.54613569246673
            ],
            [
              127.05781693981854,
              37.546376731243434
            ],
            [
              127.05768631716104,
              37.54641607687883
            ],
            [
              127.05775791989396,
              37.54669449288021
            ],
            [
              127.05784142493098,
              37.54701918550252
            ],
            [
              127.05792442333885,
              37.54734190691086
            ],
            [
              127.0580047415095,
              37.54765420320241
            ],
            [
              127.05800987073023,
              37.54767413978426
            ],
            [
              127.05824995881198,
              37.548607648998534
            ],
            [
              127.05828932634546,
              37.54876073535569
            ],
            [
              127.05842406042058,
              37.54872261149043
            ],
            [
              127.05863984418659,
              37.54866155377646
            ],
            [
              127.05867994820926,
              37.54865020649959
            ],
            [
              127.05882195135165,
              37.548616242081565
            ],
            [
              127.05918580522221,
              37.54853428203138
            ],
            [
              127.05954937694304,
              37.548452853491625
            ],
            [
              127.05971768727431,
              37.548414495872336
            ],
            [
              127.05987937772969,
              37.54839350361312
            ],
            [
              127.06005649787181,
              37.548368343375245
            ],
            [
              127.06007534296127,
              37.54836566683313
            ],
            [
              127.06013277206081,
              37.548358864794615
            ],
            [
              127.06014801814156,
              37.548357058636306
            ],
            [
              127.06019795205034,
              37.5483511442634
            ],
            [
              127.06053838181775,
              37.548301285552604
            ],
            [
              127.06075769859535,
              37.5482690450993
            ],
            [
              127.06078104687555,
              37.548265597575515
            ],
            [
              127.06099663506217,
              37.54823375053193
            ],
            [
              127.06106665486155,
              37.54822331861907
            ],
            [
              127.06119045531504,
              37.54820487595947
            ],
            [
              127.06132227388781,
              37.54818581722819
            ],
            [
              127.06180123643078,
              37.548153625315614
            ],
            [
              127.06204563155478,
              37.54813676830904
            ],
            [
              127.06233675645078,
              37.54811662452134
            ],
            [
              127.06243081957864,
              37.54811031558883
            ],
            [
              127.06263049786948,
              37.54809692191944
            ],
            [
              127.06272725854782,
              37.54809714175799
            ],
            [
              127.06280767970127,
              37.54809732425855
            ],
            [
              127.06292730598459,
              37.54809759664052
            ],
            [
              127.06298492369318,
              37.5481003202737
            ],
            [
              127.06302679086102,
              37.548102301755
            ],
            [
              127.06317983455715,
              37.54810596181428
            ],
            [
              127.06340244503487,
              37.54811128362571
            ],
            [
              127.06362691596856,
              37.54811664906488
            ],
            [
              127.06382279703709,
              37.54812133125977
            ],
            [
              127.0640052364402,
              37.548125691551974
            ],
            [
              127.06405543879777,
              37.54812722395784
            ],
            [
              127.06467537390297,
              37.548146130461824
            ],
            [
              127.06469092054438,
              37.548146598573794
            ],
            [
              127.06520816730048,
              37.54816216803627
            ],
            [
              127.06522171771262,
              37.54816257591283
            ],
            [
              127.06548255070821,
              37.54818528268021
            ],
            [
              127.06552865656695,
              37.548189296279524
            ],
            [
              127.06585592149433,
              37.54821558825226
            ],
            [
              127.06629494926457,
              37.54824953367549
            ],
            [
              127.06634002281665,
              37.54825315470209
            ],
            [
              127.06637340359637,
              37.54825583893909
            ],
            [
              127.06651114799371,
              37.54826690678459
            ],
            [
              127.06653957530966,
              37.54826919282028
            ],
            [
              127.0666006013274,
              37.54827400218403
            ],
            [
              127.06704214954057,
              37.54830880295954
            ],
            [
              127.06717565570568,
              37.54831932462879
            ],
            [
              127.06744850648131,
              37.548339417230046
            ],
            [
              127.06744299686626,
              37.54832967067153
            ],
            [
              127.06746431599446,
              37.54832889264414
            ],
            [
              127.06746518845146,
              37.548328863313714
            ],
            [
              127.06746324009234,
              37.54832542982032
            ],
            [
              127.06725810887535,
              37.54796364093045
            ],
            [
              127.06713289465245,
              37.54774106821191
            ],
            [
              127.06702159614262,
              37.547543233383486
            ],
            [
              127.06694473129686,
              37.54740660449259
            ],
            [
              127.06691815490875,
              37.54736049112534
            ],
            [
              127.06690587939221,
              37.54733919216455
            ],
            [
              127.06681286623643,
              37.54717391426435
            ],
            [
              127.06666217253613,
              37.5469061406075
            ],
            [
              127.066648515097,
              37.54688187090439
            ],
            [
              127.06664480322293,
              37.5468752758862
            ],
            [
              127.0666272695738,
              37.5468441103213
            ],
            [
              127.06662055463428,
              37.546844104198996
            ],
            [
              127.06661571588653,
              37.54684409071091
            ],
            [
              127.06643825749369,
              37.54652875100078
            ],
            [
              127.06625196025526,
              37.546196414116686
            ],
            [
              127.06615029331266,
              37.546014508076134
            ],
            [
              127.06594220868617,
              37.54564219473961
            ],
            [
              127.06594156379153,
              37.545641033712045
            ],
            [
              127.06592808236681,
              37.5456169386157
            ],
            [
              127.06592514241083,
              37.54561168653197
            ],
            [
              127.06591507923282,
              37.54559369919979
            ],
            [
              127.06588443274988,
              37.54553865805594
            ],
            [
              127.06586143867437,
              37.54549716095785
            ],
            [
              127.06585357300155,
              37.54548296560025
            ],
            [
              127.06577146727054,
              37.54533959934603
            ],
            [
              127.06572517987128,
              37.545258289231974
            ],
            [
              127.06571823824584,
              37.5452460980733
            ],
            [
              127.06563985977405,
              37.54510841495134
            ],
            [
              127.0656019282946,
              37.54504268922668
            ],
            [
              127.06558846829186,
              37.545018257103486
            ],
            [
              127.0655875264555,
              37.545016548431335
            ],
            [
              127.0655761722744,
              37.54499593537312
            ],
            [
              127.06546637322192,
              37.54479662321513
            ],
            [
              127.06540567518421,
              37.54468984790893
            ],
            [
              127.06515324491498,
              37.5442457795483
            ],
            [
              127.065117549277,
              37.54418151474618
            ],
            [
              127.06510610256255,
              37.54416089988875
            ],
            [
              127.06488169847248,
              37.54375688018614
            ],
            [
              127.0648612176547,
              37.54372072172217
            ],
            [
              127.06458831625245,
              37.543241252243895
            ],
            [
              127.06453318890955,
              37.54314741266506
            ],
            [
              127.06450762370227,
              37.5431038930464
            ],
            [
              127.06431539922144,
              37.54276717728771
            ],
            [
              127.06430182148281,
              37.54274303159005
            ],
            [
              127.06428633531841,
              37.542715485656785
            ],
            [
              127.06424096937877,
              37.542634806923445
            ],
            [
              127.06415153360831,
              37.54247500922803
            ],
            [
              127.06408355412486,
              37.54235589075803
            ],
            [
              127.06404568344644,
              37.542289226528226
            ],
            [
              127.06401217563338,
              37.54223004091957
            ],
            [
              127.06401169967772,
              37.542229208654014
            ],
            [
              127.06398279082579,
              37.54217838722497
            ],
            [
              127.06397415968573,
              37.54218126068377
            ],
            [
              127.06397245834457,
              37.54218182743316
            ],
            [
              127.06396260662663,
              37.54218510700211
            ],
            [
              127.06396247063569,
              37.542184864706904
            ],
            [
              127.06376728197607,
              37.54224422180145
            ],
            [
              127.063288462044,
              37.542390027757165
            ],
            [
              127.06328816792778,
              37.54239012612373
            ],
            [
              127.06319337070362,
              37.54241898995491
            ],
            [
              127.06189315369994,
              37.54279659280891
            ],
            [
              127.06185376348122,
              37.54280879315862
            ],
            [
              127.06212557425354,
              37.54338921664002
            ],
            [
              127.06236890585132,
              37.54390879288282
            ],
            [
              127.06247145378211,
              37.5441275995035
            ]
          ]
        ]
      }
    },
    {
      "type": "Feature",
      "properties": {
        "code": "3110129",
        "name": "성원어린이공원",
        "type": "골목상권",
        "type_code": "A",
        "admin_dong": "성수1가2동",
        "real_name": "헤이그라운드/팝업"
      },
      "geometry": {
        "type": "Polygon",
        "coordinates": [
          [
            [
              127.05164845286866,
              37.54989410060727
            ],
            [
              127.05156643146826,
              37.54968793485911
            ],
            [
              127.05154625716456,
              37.549636348893344
            ],
            [
              127.05153197441832,
              37.549599827749624
            ],
            [
              127.05152847940286,
              37.54959088866728
            ],
            [
              127.05148403113374,
              37.54947641728097
            ],
            [
              127.05140033861137,
              37.54926278375465
            ],
            [
              127.05135580299743,
              37.54914908721032
            ],
            [
              127.05125566765976,
              37.54889614114282
            ],
            [
              127.05124944173194,
              37.54888008714995
            ],
            [
              127.05124533948042,
              37.54886840297906
            ],
            [
              127.05123965662165,
              37.548853827288546
            ],
            [
              127.05120177661601,
              37.54875666291563
            ],
            [
              127.05116412026301,
              37.54866206537699
            ],
            [
              127.05116083388423,
              37.54865360732519
            ],
            [
              127.05113752524927,
              37.54859002313896
            ],
            [
              127.05112648386105,
              37.54856008863761
            ],
            [
              127.05111182032388,
              37.54852214041934
            ],
            [
              127.05111047810482,
              37.54851866855167
            ],
            [
              127.05109429127455,
              37.54847720259071
            ],
            [
              127.05107122356613,
              37.548419927978586
            ],
            [
              127.0510521148737,
              37.54837341768251
            ],
            [
              127.05102434395891,
              37.54830417802956
            ],
            [
              127.05100645561545,
              37.54825825284693
            ],
            [
              127.05098573641062,
              37.5482063282325
            ],
            [
              127.0509591734934,
              37.54814603495742
            ],
            [
              127.05092875012238,
              37.54815148831307
            ],
            [
              127.05082056879588,
              37.54817087756215
            ],
            [
              127.05075586143369,
              37.548227618754595
            ],
            [
              127.05053864348143,
              37.54841809744267
            ],
            [
              127.05045351282291,
              37.54849274644523
            ],
            [
              127.05019197110515,
              37.548764787393786
            ],
            [
              127.05005268481311,
              37.54890966311657
            ],
            [
              127.05046787752362,
              37.54915712313537
            ],
            [
              127.05037154735682,
              37.54925210968921
            ],
            [
              127.05024379455915,
              37.549385716421924
            ],
            [
              127.0498159865468,
              37.549833099254066
            ],
            [
              127.04979335800395,
              37.54985676811599
            ],
            [
              127.0495424854736,
              37.549734363084134
            ],
            [
              127.04950137487437,
              37.549701664171664
            ],
            [
              127.04941917909721,
              37.54965918048505
            ],
            [
              127.04941770744571,
              37.549658405341305
            ],
            [
              127.04918506632329,
              37.549536721722816
            ],
            [
              127.04892513612393,
              37.54940075911748
            ],
            [
              127.04891049860943,
              37.549447940561
            ],
            [
              127.0487569309517,
              37.54994254769976
            ],
            [
              127.04872018296084,
              37.550060906304026
            ],
            [
              127.0486888299525,
              37.550176561476974
            ],
            [
              127.04863208565394,
              37.55038590299649
            ],
            [
              127.04861770081445,
              37.55043763433343
            ],
            [
              127.04857972385713,
              37.55057416562507
            ],
            [
              127.04856724585652,
              37.5506190179487
            ],
            [
              127.04838011136727,
              37.55129175033162
            ],
            [
              127.0483728504653,
              37.551317856125166
            ],
            [
              127.0482911601383,
              37.55161151225328
            ],
            [
              127.04824901237109,
              37.55176303502324
            ],
            [
              127.04826174884333,
              37.551762164859916
            ],
            [
              127.04827492182837,
              37.55176080707677
            ],
            [
              127.04831440209402,
              37.551754656032635
            ],
            [
              127.04836323913221,
              37.55174686042562
            ],
            [
              127.04842174091263,
              37.551737666991265
            ],
            [
              127.0484612108919,
              37.55173139697048
            ],
            [
              127.048477628708,
              37.55172878814852
            ],
            [
              127.04854543301451,
              37.551718109592336
            ],
            [
              127.04861247568563,
              37.55170743491477
            ],
            [
              127.04867573104302,
              37.5516974176871
            ],
            [
              127.04869547561354,
              37.5516942551515
            ],
            [
              127.04872760056433,
              37.551689107110235
            ],
            [
              127.04879627386356,
              37.55167833164454
            ],
            [
              127.04885314597408,
              37.55166921615568
            ],
            [
              127.04888387936789,
              37.55166298835086
            ],
            [
              127.04895416840507,
              37.55165010198672
            ],
            [
              127.04930358664467,
              37.5515860451997
            ],
            [
              127.04953876445677,
              37.551543125927516
            ],
            [
              127.0498071409754,
              37.55149369599071
            ],
            [
              127.0498118153179,
              37.55149279211972
            ],
            [
              127.0498908066059,
              37.55147821035275
            ],
            [
              127.04996839497868,
              37.551462518195855
            ],
            [
              127.05024746146962,
              37.55140748843577
            ],
            [
              127.05036956611397,
              37.55138313919338
            ],
            [
              127.0503780378053,
              37.55138144981162
            ],
            [
              127.0507067896794,
              37.551319686220936
            ],
            [
              127.05073392594333,
              37.55131456500376
            ],
            [
              127.05085629765118,
              37.551288990686466
            ],
            [
              127.05110517179888,
              37.55123675327955
            ],
            [
              127.05125424771371,
              37.55120523751947
            ],
            [
              127.0517126756298,
              37.55110858397774
            ],
            [
              127.05206568743466,
              37.551031162843
            ],
            [
              127.05217731650417,
              37.55100729387778
            ],
            [
              127.0521944530345,
              37.55100362825124
            ],
            [
              127.0521810067969,
              37.55096823397373
            ],
            [
              127.05213807979092,
              37.550853563969035
            ],
            [
              127.05213195174693,
              37.5508371964375
            ],
            [
              127.05211085372348,
              37.55081709366748
            ],
            [
              127.05209621726756,
              37.55080314906902
            ],
            [
              127.05195246999361,
              37.55066617597242
            ],
            [
              127.05192162302578,
              37.55058765762895
            ],
            [
              127.05186965939572,
              37.55045528777653
            ],
            [
              127.05184253436455,
              37.55038620212794
            ],
            [
              127.05171196674306,
              37.550053053974175
            ],
            [
              127.05171115052912,
              37.55005099194637
            ],
            [
              127.05164845286866,
              37.54989410060727
            ]
          ]
        ]
      }
    },
    {
      "type": "Feature",
      "properties": {
        "code": "3110131",
        "name": "성수동카페거리",
        "type": "골목상권",
        "type_code": "A",
        "admin_dong": "성수2가1동",
        "real_name": "연무장길 카페거리"
      },
      "geometry": {
        "type": "Polygon",
        "coordinates": [
          [
            [
              127.0524375505514,
              37.54428957525725
            ],
            [
              127.05248617097244,
              37.54423537837307
            ],
            [
              127.05267711654918,
              37.54396333121899
            ],
            [
              127.05278505490737,
              37.54402912804756
            ],
            [
              127.05279867039617,
              37.544050764864465
            ],
            [
              127.05283391101932,
              37.544040127221635
            ],
            [
              127.05362841413908,
              37.543800286157065
            ],
            [
              127.05381707849531,
              37.543743331949756
            ],
            [
              127.05385735336489,
              37.54373145733748
            ],
            [
              127.05412441161037,
              37.54365269240685
            ],
            [
              127.05427245526292,
              37.54360902780276
            ],
            [
              127.05457787423025,
              37.54351895288429
            ],
            [
              127.05525426902548,
              37.54331945529316
            ],
            [
              127.0551360724072,
              37.54305596010309
            ],
            [
              127.05576352799541,
              37.54286259930672
            ],
            [
              127.05581108714085,
              37.542847936498156
            ],
            [
              127.05562928874534,
              37.54241519203504
            ],
            [
              127.05562603515871,
              37.542407012492
            ],
            [
              127.05562580841644,
              37.54240642694911
            ],
            [
              127.05560479448191,
              37.54237267369057
            ],
            [
              127.05561224284719,
              37.542370430298185
            ],
            [
              127.05561851580988,
              37.542368541551774
            ],
            [
              127.05562029644489,
              37.54236800011335
            ],
            [
              127.05624699939229,
              37.54217923037803
            ],
            [
              127.05624819854528,
              37.542178868506014
            ],
            [
              127.056251349149,
              37.542177916450726
            ],
            [
              127.05625347255676,
              37.542177278432504
            ],
            [
              127.05625500996204,
              37.54217681548736
            ],
            [
              127.05625083637196,
              37.54216711731423
            ],
            [
              127.05614831505656,
              37.541928812973296
            ],
            [
              127.05579097181892,
              37.54110330985351
            ],
            [
              127.05533470311019,
              37.540049268262486
            ],
            [
              127.05530554096651,
              37.53998189524051
            ],
            [
              127.05521430519686,
              37.5397231716577
            ],
            [
              127.05513785331446,
              37.53950636371894
            ],
            [
              127.05509894269854,
              37.53939602920443
            ],
            [
              127.05503925908502,
              37.53952723272328
            ],
            [
              127.05497862861107,
              37.53966053507883
            ],
            [
              127.0547899317985,
              37.54007538277592
            ],
            [
              127.05469776546825,
              37.54027531863169
            ],
            [
              127.05450375185062,
              37.54069620408942
            ],
            [
              127.05430670038912,
              37.5411438782191
            ],
            [
              127.05423847557898,
              37.54124700016089
            ],
            [
              127.05411358708366,
              37.54143574211079
            ],
            [
              127.05404888013913,
              37.54154267986156
            ],
            [
              127.05349312243581,
              37.541105733630786
            ],
            [
              127.05347701417239,
              37.54109307016732
            ],
            [
              127.05339382938433,
              37.54116257218535
            ],
            [
              127.05291283501494,
              37.54154385209652
            ],
            [
              127.05272148057739,
              37.541699337600406
            ],
            [
              127.0524103578636,
              37.54195213801543
            ],
            [
              127.05227798893033,
              37.54205210403143
            ],
            [
              127.05222222812533,
              37.54205197373204
            ],
            [
              127.05145257749616,
              37.54204503241468
            ],
            [
              127.05106707500606,
              37.5420415516082
            ],
            [
              127.05100307183616,
              37.54204097469847
            ],
            [
              127.05101809490263,
              37.5420837566799
            ],
            [
              127.05133211727731,
              37.542647860750456
            ],
            [
              127.05149705277911,
              37.542889653241
            ],
            [
              127.05150521332455,
              37.54289930839626
            ],
            [
              127.05146760226185,
              37.542944217994396
            ],
            [
              127.05140256461478,
              37.54302187373332
            ],
            [
              127.05114676620312,
              37.54325365158151
            ],
            [
              127.05106167476893,
              37.54337798037408
            ],
            [
              127.05102901951413,
              37.54340812120693
            ],
            [
              127.05093454780962,
              37.54349685457149
            ],
            [
              127.05091049534818,
              37.54351989358687
            ],
            [
              127.05068612224976,
              37.54372092287725
            ],
            [
              127.05056595308334,
              37.543603406594606
            ],
            [
              127.05051165678833,
              37.54363726416075
            ],
            [
              127.05051073156451,
              37.5436378393941
            ],
            [
              127.05044486560827,
              37.54367586179169
            ],
            [
              127.05036390013932,
              37.54372403404398
            ],
            [
              127.05027155801645,
              37.54377913166016
            ],
            [
              127.05012116457554,
              37.543869726201365
            ],
            [
              127.05003135562337,
              37.54391461603295
            ],
            [
              127.04994890664373,
              37.543958432295746
            ],
            [
              127.04990812446269,
              37.54398104660197
            ],
            [
              127.04979896572426,
              37.543864573652975
            ],
            [
              127.04966155503816,
              37.54393978838058
            ],
            [
              127.04952259892471,
              37.54401585053492
            ],
            [
              127.04953924830389,
              37.54407338226774
            ],
            [
              127.04957027729566,
              37.54417488303429
            ],
            [
              127.04958492543108,
              37.54417154408797
            ],
            [
              127.0495937000692,
              37.544179129520025
            ],
            [
              127.04959247321631,
              37.5441753530463
            ],
            [
              127.04970027819759,
              37.544142721280714
            ],
            [
              127.04981140249052,
              37.54410919152215
            ],
            [
              127.04981422181004,
              37.54411519279014
            ],
            [
              127.0498353757263,
              37.54415843183019
            ],
            [
              127.04991031376463,
              37.544311631324405
            ],
            [
              127.05014910288062,
              37.54447805553869
            ],
            [
              127.05017445165058,
              37.544495720573565
            ],
            [
              127.05034924303317,
              37.544600562128196
            ],
            [
              127.05036031198206,
              37.54460719597026
            ],
            [
              127.05050052302708,
              37.54469016586996
            ],
            [
              127.05056575197216,
              37.5447498030235
            ],
            [
              127.05081628787134,
              37.544575140393086
            ],
            [
              127.05085244813914,
              37.54454992477922
            ],
            [
              127.05105444824754,
              37.54442271833782
            ],
            [
              127.05117499916858,
              37.544347424609555
            ],
            [
              127.051473254411,
              37.54427747203902
            ],
            [
              127.05151744506227,
              37.54426711019748
            ],
            [
              127.05152586596601,
              37.54428655098836
            ],
            [
              127.05160532311753,
              37.544470130926605
            ],
            [
              127.05163180177954,
              37.54453901696058
            ],
            [
              127.05177879899108,
              37.544921380800126
            ],
            [
              127.0524375505514,
              37.54428957525725
            ]
          ]
        ]
      }
    },
    {
      "type": "Feature",
      "properties": {
        "code": "3110132",
        "name": "성수2가3동주민센터",
        "type": "골목상권",
        "type_code": "A",
        "admin_dong": "성수2가3동",
        "real_name": "대림창고 일대"
      },
      "geometry": {
        "type": "Polygon",
        "coordinates": [
          [
            [
              127.05645638665979,
              37.54871911143075
            ],
            [
              127.05645581873193,
              37.548717811561374
            ],
            [
              127.0562924908918,
              37.54834387150816
            ],
            [
              127.05602557663767,
              37.54845137586337
            ],
            [
              127.05591360973814,
              37.54849647255838
            ],
            [
              127.05572590850832,
              37.54857207488306
            ],
            [
              127.05572528670928,
              37.548572877065254
            ],
            [
              127.05566122355594,
              37.54860267447233
            ],
            [
              127.05539780317098,
              37.54804820846929
            ],
            [
              127.05534062279249,
              37.54806413700726
            ],
            [
              127.05500876819565,
              37.54820928347746
            ],
            [
              127.0544099835383,
              37.548719208068015
            ],
            [
              127.05439266178661,
              37.548706935437934
            ],
            [
              127.05387101240025,
              37.54832789651543
            ],
            [
              127.0538706727369,
              37.54832765249976
            ],
            [
              127.05374528976668,
              37.54823156316977
            ],
            [
              127.05374182691281,
              37.54822987086843
            ],
            [
              127.05368365163424,
              37.54820044368553
            ],
            [
              127.05366931942294,
              37.54820806363921
            ],
            [
              127.05365197882112,
              37.54821652198584
            ],
            [
              127.05297761540143,
              37.54854546391659
            ],
            [
              127.05295719541391,
              37.54855542820997
            ],
            [
              127.0527927604788,
              37.548704434205966
            ],
            [
              127.0527355692582,
              37.548756266278964
            ],
            [
              127.05270848746905,
              37.5487858113019
            ],
            [
              127.0524564358495,
              37.54906080558601
            ],
            [
              127.0524551467682,
              37.54906221081537
            ],
            [
              127.05222641090187,
              37.54919631411166
            ],
            [
              127.05172666275546,
              37.54948537618656
            ],
            [
              127.05162456136074,
              37.54954443356579
            ],
            [
              127.0516016719808,
              37.54955812793543
            ],
            [
              127.05153197441832,
              37.549599827749624
            ],
            [
              127.05154625716456,
              37.549636348893344
            ],
            [
              127.05156643146826,
              37.54968793485911
            ],
            [
              127.05164845286866,
              37.54989410060727
            ],
            [
              127.05171115052912,
              37.55005099194637
            ],
            [
              127.05171196674306,
              37.550053053974175
            ],
            [
              127.05184253436455,
              37.55038620212794
            ],
            [
              127.05186965939572,
              37.55045528777653
            ],
            [
              127.05192162302578,
              37.55058765762895
            ],
            [
              127.05195246999361,
              37.55066617597242
            ],
            [
              127.05209621726756,
              37.55080314906902
            ],
            [
              127.05211085372348,
              37.55081709366748
            ],
            [
              127.05213195174693,
              37.5508371964375
            ],
            [
              127.05231019072554,
              37.550794629234595
            ],
            [
              127.05287204257513,
              37.55065895624604
            ],
            [
              127.05289150608726,
              37.55065425603117
            ],
            [
              127.05289209332426,
              37.550654121519386
            ],
            [
              127.05350582513663,
              37.55050742017168
            ],
            [
              127.05361211043676,
              37.55048201426551
            ],
            [
              127.05364584516151,
              37.55047410349565
            ],
            [
              127.05367201262281,
              37.55046796841972
            ],
            [
              127.05370777466695,
              37.55045449124407
            ],
            [
              127.0539404422052,
              37.55035841444964
            ],
            [
              127.0539940995755,
              37.550336281228844
            ],
            [
              127.05399879568058,
              37.55033434103397
            ],
            [
              127.05421620113712,
              37.550246297667194
            ],
            [
              127.05454111615411,
              37.550112662425875
            ],
            [
              127.05457293205605,
              37.55009953729853
            ],
            [
              127.05489578199865,
              37.549966352531946
            ],
            [
              127.05499109808444,
              37.54992705618575
            ],
            [
              127.05512552670974,
              37.54987163616276
            ],
            [
              127.05523184713525,
              37.549828322337866
            ],
            [
              127.05541668099536,
              37.549752681614294
            ],
            [
              127.05559400017742,
              37.54967985435294
            ],
            [
              127.05588569436162,
              37.54956000459997
            ],
            [
              127.05603003778076,
              37.54950092350055
            ],
            [
              127.05607860215316,
              37.54948114064921
            ],
            [
              127.05615342730354,
              37.54945066215365
            ],
            [
              127.05638050134498,
              37.549357160953384
            ],
            [
              127.05641074302079,
              37.549344739760826
            ],
            [
              127.0565122073241,
              37.54930306781776
            ],
            [
              127.05664792542134,
              37.54924683724367
            ],
            [
              127.05668217766906,
              37.54923608270648
            ],
            [
              127.05645638665979,
              37.54871911143075
            ]
          ]
        ]
      }
    },
    {
      "type": "Feature",
      "properties": {
        "code": "3110136",
        "name": "경수초등학교",
        "type": "골목상권",
        "type_code": "A",
        "admin_dong": "성수2가1동",
        "real_name": "성수 공장지대"
      },
      "geometry": {
        "type": "Polygon",
        "coordinates": [
          [
            [
              127.06189315369994,
              37.54279659280891
            ],
            [
              127.06319337070362,
              37.54241898995491
            ],
            [
              127.06328816792778,
              37.54239012612373
            ],
            [
              127.063288462044,
              37.542390027757165
            ],
            [
              127.06376728197607,
              37.54224422180145
            ],
            [
              127.06396247063569,
              37.542184864706904
            ],
            [
              127.06396260662663,
              37.54218510700211
            ],
            [
              127.06397245834457,
              37.54218182743316
            ],
            [
              127.06397415968573,
              37.54218126068377
            ],
            [
              127.06398279082579,
              37.54217838722497
            ],
            [
              127.06396537413985,
              37.54214776898348
            ],
            [
              127.06387141023649,
              37.54198158542809
            ],
            [
              127.063822491669,
              37.54189631334727
            ],
            [
              127.06377731986615,
              37.54181522166147
            ],
            [
              127.0637273038472,
              37.54172851754208
            ],
            [
              127.06366911450309,
              37.54162533041535
            ],
            [
              127.06366697155819,
              37.541621529352355
            ],
            [
              127.0636035275906,
              37.5415090205791
            ],
            [
              127.06356370712697,
              37.54143981010896
            ],
            [
              127.06353375782696,
              37.541386252787056
            ],
            [
              127.0635006002024,
              37.541326759594575
            ],
            [
              127.06346773675553,
              37.541268518623596
            ],
            [
              127.06341770807084,
              37.54117936455343
            ],
            [
              127.06333490678638,
              37.541031968500555
            ],
            [
              127.06326900327768,
              37.54091603615508
            ],
            [
              127.06320620323707,
              37.540804904438026
            ],
            [
              127.06314081095624,
              37.54068958532359
            ],
            [
              127.06307058788806,
              37.540565519141964
            ],
            [
              127.06302052578309,
              37.54047721185016
            ],
            [
              127.0629883202727,
              37.54041736930931
            ],
            [
              127.06297109446133,
              37.540385363270204
            ],
            [
              127.06289297519646,
              37.54024648064055
            ],
            [
              127.06286338515278,
              37.54019380862891
            ],
            [
              127.06285420512893,
              37.54017746487336
            ],
            [
              127.062836511415,
              37.54014596722622
            ],
            [
              127.06278159836833,
              37.540048662320174
            ],
            [
              127.06270758368288,
              37.539917803484386
            ],
            [
              127.06267634667321,
              37.53986676310723
            ],
            [
              127.06252582662768,
              37.539595425687445
            ],
            [
              127.06251389857246,
              37.53957392333208
            ],
            [
              127.06247716333844,
              37.53950727418363
            ],
            [
              127.0624057917542,
              37.539377776059794
            ],
            [
              127.06237323596133,
              37.539318708384755
            ],
            [
              127.06236768759878,
              37.539308395766476
            ],
            [
              127.06236726602448,
              37.53930760310913
            ],
            [
              127.06235846167245,
              37.5392910194481
            ],
            [
              127.06235144856545,
              37.53927862539151
            ],
            [
              127.0622958051521,
              37.539176406576466
            ],
            [
              127.06229386054774,
              37.5391728342363
            ],
            [
              127.06229045183721,
              37.53916658759941
            ],
            [
              127.06226439924397,
              37.53911884383375
            ],
            [
              127.06225660385385,
              37.5391045382616
            ],
            [
              127.06215244232831,
              37.53891334776545
            ],
            [
              127.06209905746935,
              37.53881743556377
            ],
            [
              127.06199880385326,
              37.53863730985141
            ],
            [
              127.06190012548656,
              37.538458251808684
            ],
            [
              127.06188326836134,
              37.53842766267979
            ],
            [
              127.06179243261413,
              37.53826210281854
            ],
            [
              127.06176366804287,
              37.53820967335116
            ],
            [
              127.06166549158715,
              37.538030059820336
            ],
            [
              127.06164182292497,
              37.537986757494856
            ],
            [
              127.06159344081445,
              37.537900892193754
            ],
            [
              127.0615435470346,
              37.53783688322135
            ],
            [
              127.0614714384155,
              37.53770843814826
            ],
            [
              127.06133729470858,
              37.53747013927499
            ],
            [
              127.06127333555769,
              37.53735688971428
            ],
            [
              127.06118321589082,
              37.53719761796393
            ],
            [
              127.06113521535003,
              37.53721059920746
            ],
            [
              127.06095438523562,
              37.53725998190434
            ],
            [
              127.06084399069773,
              37.53729013224369
            ],
            [
              127.05967372237302,
              37.537599258018325
            ],
            [
              127.05964061026782,
              37.53760800543818
            ],
            [
              127.05926653942595,
              37.53770681454834
            ],
            [
              127.05876177406736,
              37.53784014362783
            ],
            [
              127.05932260398542,
              37.53792448516938
            ],
            [
              127.0595422086731,
              37.53798452722299
            ],
            [
              127.05973122613572,
              37.53804531235076
            ],
            [
              127.0597691263721,
              37.53859738010788
            ],
            [
              127.05977911238146,
              37.53874283611084
            ],
            [
              127.05968287274402,
              37.5387465969098
            ],
            [
              127.05933701800963,
              37.538760114108086
            ],
            [
              127.05942780544599,
              37.53954522599459
            ],
            [
              127.05930400337266,
              37.53958695677685
            ],
            [
              127.05912418803015,
              37.53957182725113
            ],
            [
              127.05888409639678,
              37.53956889913135
            ],
            [
              127.05889310590103,
              37.53967749936955
            ],
            [
              127.05899711058706,
              37.540427029796994
            ],
            [
              127.05906136403561,
              37.54046685070234
            ],
            [
              127.05877306111476,
              37.54055257420807
            ],
            [
              127.05774789851611,
              37.540857386353856
            ],
            [
              127.05774033042862,
              37.540859634444985
            ],
            [
              127.05766532000625,
              37.54088586135909
            ],
            [
              127.05755351324471,
              37.540624265569505
            ],
            [
              127.05771413350007,
              37.539704150087296
            ],
            [
              127.05775634411779,
              37.53946233980567
            ],
            [
              127.05773794057093,
              37.53883743861772
            ],
            [
              127.05768680450757,
              37.53884497704812
            ],
            [
              127.05754843200539,
              37.538883103705274
            ],
            [
              127.0570776415854,
              37.53901282302139
            ],
            [
              127.0570757295337,
              37.53901303027457
            ],
            [
              127.05689856586916,
              37.539032035868786
            ],
            [
              127.05685798166563,
              37.53903638922638
            ],
            [
              127.05674638216789,
              37.53906480368468
            ],
            [
              127.05641795334112,
              37.53914841617711
            ],
            [
              127.05603067610001,
              37.53924701049011
            ],
            [
              127.05525499424938,
              37.539472334959854
            ],
            [
              127.05513785331446,
              37.53950636371894
            ],
            [
              127.05521430519686,
              37.5397231716577
            ],
            [
              127.05530554096651,
              37.53998189524051
            ],
            [
              127.05533470311019,
              37.540049268262486
            ],
            [
              127.05579097181892,
              37.54110330985351
            ],
            [
              127.05590476926498,
              37.5410756160661
            ],
            [
              127.05644960521188,
              37.54094299821136
            ],
            [
              127.05657268897527,
              37.5412319160513
            ],
            [
              127.05657675834203,
              37.54124146469857
            ],
            [
              127.05688126293606,
              37.54198083910349
            ],
            [
              127.05688398129354,
              37.54198735292209
            ],
            [
              127.0580260473376,
              37.54164331818075
            ],
            [
              127.05802816958425,
              37.541642681032144
            ],
            [
              127.05803006897084,
              37.541642108865
            ],
            [
              127.05805169999654,
              37.54168692116295
            ],
            [
              127.0582754244728,
              37.542165735499644
            ],
            [
              127.05837400021207,
              37.542371835506444
            ],
            [
              127.05872700158729,
              37.543109874569545
            ],
            [
              127.05956051558564,
              37.54286183993383
            ],
            [
              127.06015215752356,
              37.542684241365365
            ],
            [
              127.06042391026743,
              37.54325173045935
            ],
            [
              127.0604319083232,
              37.543249257628204
            ],
            [
              127.06184866152996,
              37.54281037257993
            ],
            [
              127.06185376348122,
              37.54280879315862
            ],
            [
              127.06189315369994,
              37.54279659280891
            ]
          ]
        ]
      }
    },
    {
      "type": "Feature",
      "properties": {
        "code": "3110134",
        "name": "성수119안전센터",
        "type": "골목상권",
        "type_code": "A",
        "admin_dong": "성수2가1동",
        "real_name": "수제화 공방거리"
      },
      "geometry": {
        "type": "Polygon",
        "coordinates": [
          [
            [
              127.05783438742071,
              37.53761764713884
            ],
            [
              127.05802180670851,
              37.53697830810332
            ],
            [
              127.05803399419628,
              37.536936734463374
            ],
            [
              127.05805479187873,
              37.53684972454689
            ],
            [
              127.05806760772779,
              37.536725552284594
            ],
            [
              127.05843924092152,
              37.53677098120687
            ],
            [
              127.05847830342188,
              37.53674815935232
            ],
            [
              127.05847827707056,
              37.53671296538929
            ],
            [
              127.05851642540979,
              37.53671198152105
            ],
            [
              127.05855623242097,
              37.53671095537205
            ],
            [
              127.0587510809753,
              37.53674605347285
            ],
            [
              127.05882391998279,
              37.53675419018748
            ],
            [
              127.0588524904186,
              37.536655066810866
            ],
            [
              127.05886534602305,
              37.536599028089555
            ],
            [
              127.05905259222779,
              37.53663413038386
            ],
            [
              127.05900074498176,
              37.53680393810853
            ],
            [
              127.05892540185843,
              37.536979668995144
            ],
            [
              127.05890390194674,
              37.53702279979556
            ],
            [
              127.0588293761823,
              37.537172302988644
            ],
            [
              127.05878786199482,
              37.53721567889636
            ],
            [
              127.05875201620123,
              37.53731941448433
            ],
            [
              127.05905301744819,
              37.53738140453754
            ],
            [
              127.05919414557768,
              37.537482967612945
            ],
            [
              127.05923720799137,
              37.53761612196698
            ],
            [
              127.05926653942595,
              37.53770681454834
            ],
            [
              127.05964061026782,
              37.53760800543818
            ],
            [
              127.05967372237302,
              37.537599258018325
            ],
            [
              127.06084399069773,
              37.53729013224369
            ],
            [
              127.06095438523562,
              37.53725998190434
            ],
            [
              127.06113521535003,
              37.53721059920746
            ],
            [
              127.06118321589082,
              37.53719761796393
            ],
            [
              127.06118221423553,
              37.53719584711629
            ],
            [
              127.06105899738456,
              37.53697660290607
            ],
            [
              127.06105865632257,
              37.5369759967092
            ],
            [
              127.06092629326659,
              37.5367411103082
            ],
            [
              127.06079178142903,
              37.53650360474615
            ],
            [
              127.06074991107357,
              37.53642965235646
            ],
            [
              127.06072535180708,
              37.53638627370824
            ],
            [
              127.06072286953727,
              37.5363794463024
            ],
            [
              127.06070943522315,
              37.53635629479537
            ],
            [
              127.06070751814015,
              37.536352990911304
            ],
            [
              127.06068127735611,
              37.53630652178523
            ],
            [
              127.06061626824368,
              37.53619083698082
            ],
            [
              127.06060491144162,
              37.53617062706227
            ],
            [
              127.06052784344617,
              37.53603366135696
            ],
            [
              127.06048527539906,
              37.5359581622071
            ],
            [
              127.06047269154283,
              37.535935751759254
            ],
            [
              127.06040763995843,
              37.53581991548616
            ],
            [
              127.06038026629228,
              37.53577118986204
            ],
            [
              127.06034764772745,
              37.53571313164497
            ],
            [
              127.06026353368655,
              37.53556439237835
            ],
            [
              127.06025249314746,
              37.535544683218596
            ],
            [
              127.06017110446425,
              37.53539937620445
            ],
            [
              127.06012265994086,
              37.535313321984546
            ],
            [
              127.06009164739156,
              37.535258232572446
            ],
            [
              127.06006441023098,
              37.535209909548136
            ],
            [
              127.06001661866799,
              37.535125119954635
            ],
            [
              127.06001360818593,
              37.53511977584784
            ],
            [
              127.05996358462602,
              37.53503098331891
            ],
            [
              127.05991292941685,
              37.5349416486855
            ],
            [
              127.05988922525698,
              37.53489957046325
            ],
            [
              127.05986890095112,
              37.53486349028597
            ],
            [
              127.05986137894278,
              37.53484894383928
            ],
            [
              127.05984464400596,
              37.534820534759774
            ],
            [
              127.05982540657122,
              37.53478670202042
            ],
            [
              127.05976835546893,
              37.53468564043306
            ],
            [
              127.05975716795653,
              37.53468985016381
            ],
            [
              127.05975668046007,
              37.53469003241263
            ],
            [
              127.05975497468893,
              37.53469054594512
            ],
            [
              127.05975318501447,
              37.5346908360719
            ],
            [
              127.05975136234122,
              37.53469089105415
            ],
            [
              127.05974954966382,
              37.534690711771134
            ],
            [
              127.05974780016336,
              37.53469030360197
            ],
            [
              127.05974615344667,
              37.53468967553659
            ],
            [
              127.05974465478565,
              37.53468884647314
            ],
            [
              127.05974334605574,
              37.53468783260844
            ],
            [
              127.0597422566997,
              37.53468666636363
            ],
            [
              127.05974141842029,
              37.534685376554705
            ],
            [
              127.05974122692368,
              37.53468501715231
            ],
            [
              127.05971689178003,
              37.5346388955216
            ],
            [
              127.05971629434502,
              37.534637419083566
            ],
            [
              127.05971602497321,
              37.53463588211257
            ],
            [
              127.05971608822838,
              37.53463433235938
            ],
            [
              127.05971648640636,
              37.53463281126884
            ],
            [
              127.05971720597034,
              37.53463136930388
            ],
            [
              127.059718225455,
              37.534630046119325
            ],
            [
              127.05971951547578,
              37.534628882275065
            ],
            [
              127.05972103646101,
              37.53462791293015
            ],
            [
              127.05972274317485,
              37.534627164236475
            ],
            [
              127.05973327937674,
              37.534623448586764
            ],
            [
              127.05963582722333,
              37.534450519215866
            ],
            [
              127.05955546766502,
              37.534308742251845
            ],
            [
              127.05955054510319,
              37.53430048165628
            ],
            [
              127.05954273358489,
              37.534287375133054
            ],
            [
              127.0595193602473,
              37.53424533991298
            ],
            [
              127.0594993352967,
              37.534246672672836
            ],
            [
              127.05949344124733,
              37.53423604923927
            ],
            [
              127.05927725929803,
              37.53384642554966
            ],
            [
              127.05905807756265,
              37.53345195104817
            ],
            [
              127.05904311159048,
              37.53342493661385
            ],
            [
              127.05904098822234,
              37.533425280055766
            ],
            [
              127.0589796333955,
              37.533435203703256
            ],
            [
              127.05884956106337,
              37.533468682210156
            ],
            [
              127.05879283841038,
              37.53348328325076
            ],
            [
              127.05824790276073,
              37.533623539986905
            ],
            [
              127.0581961051384,
              37.53363848159266
            ],
            [
              127.0580927009956,
              37.53366830877986
            ],
            [
              127.05801973493715,
              37.53368935508903
            ],
            [
              127.05708801542215,
              37.53395810648669
            ],
            [
              127.05658105909198,
              37.53410433421819
            ],
            [
              127.0550861262847,
              37.534535513035124
            ],
            [
              127.05521628483424,
              37.53487966065011
            ],
            [
              127.05523149838565,
              37.53490480857389
            ],
            [
              127.05529053908309,
              37.53500242058725
            ],
            [
              127.0553445138529,
              37.535123597912566
            ],
            [
              127.05538906944324,
              37.53521694771943
            ],
            [
              127.0555020221316,
              37.535453583043704
            ],
            [
              127.05558823888438,
              37.535634204821214
            ],
            [
              127.05563340119885,
              37.53598754515339
            ],
            [
              127.0555784443154,
              37.535968423868646
            ],
            [
              127.05534839074339,
              37.53588835818535
            ],
            [
              127.05518250032178,
              37.535825210809264
            ],
            [
              127.05476847762237,
              37.53568369057618
            ],
            [
              127.05462946374462,
              37.53564160525744
            ],
            [
              127.05462639418536,
              37.535641634608375
            ],
            [
              127.05442802683328,
              37.535643462428105
            ],
            [
              127.05421211740455,
              37.53558077731764
            ],
            [
              127.05423905860327,
              37.53542075895492
            ],
            [
              127.05420533996967,
              37.53529138173845
            ],
            [
              127.05416927544707,
              37.535181568111504
            ],
            [
              127.05405563541807,
              37.53483272028829
            ],
            [
              127.05361092343345,
              37.53496097773184
            ],
            [
              127.05331701498243,
              37.535045739981435
            ],
            [
              127.05342406505487,
              37.53537762744564
            ],
            [
              127.05343785693475,
              37.53542484174657
            ],
            [
              127.05349830319516,
              37.53563172105557
            ],
            [
              127.05351492528871,
              37.53567158099764
            ],
            [
              127.0535519096848,
              37.53576027584642
            ],
            [
              127.05355894796914,
              37.53577714929591
            ],
            [
              127.05360637660507,
              37.535890905223724
            ],
            [
              127.05370464802564,
              37.53612810302021
            ],
            [
              127.05372555819199,
              37.53617856665582
            ],
            [
              127.05378193044115,
              37.5363146190987
            ],
            [
              127.0539143959072,
              37.53663434177461
            ],
            [
              127.0539389579365,
              37.53669320282657
            ],
            [
              127.05394957795627,
              37.53671865123693
            ],
            [
              127.05404214698464,
              37.536940478455165
            ],
            [
              127.05408212139525,
              37.537036255414876
            ],
            [
              127.05411326545654,
              37.53711089623501
            ],
            [
              127.05423873996584,
              37.53741156554997
            ],
            [
              127.05430024258703,
              37.53755329076062
            ],
            [
              127.05431147621283,
              37.53755080694295
            ],
            [
              127.05468404493116,
              37.53747726385174
            ],
            [
              127.05492533074256,
              37.53738531741974
            ],
            [
              127.05500543721577,
              37.53735479118532
            ],
            [
              127.05502336697059,
              37.53734796316127
            ],
            [
              127.0552667801009,
              37.53724512104378
            ],
            [
              127.05528983948884,
              37.53723015905047
            ],
            [
              127.05529698134062,
              37.537296165692794
            ],
            [
              127.05531041504113,
              37.537395584785315
            ],
            [
              127.05529536283537,
              37.53748240321237
            ],
            [
              127.0552803759523,
              37.537568859403514
            ],
            [
              127.05526756834558,
              37.5377106549082
            ],
            [
              127.05525853160253,
              37.53781068638197
            ],
            [
              127.0552522865574,
              37.537921979950916
            ],
            [
              127.05523895875447,
              37.53815940604544
            ],
            [
              127.05522169744037,
              37.538434622815295
            ],
            [
              127.05520738946377,
              37.5386626699329
            ],
            [
              127.05520035178243,
              37.53877488287371
            ],
            [
              127.05555580747863,
              37.53868446841096
            ],
            [
              127.0558476482791,
              37.538607651139834
            ],
            [
              127.05596361336681,
              37.53857712621874
            ],
            [
              127.05629569314057,
              37.538489711021526
            ],
            [
              127.05642729063658,
              37.538455069630764
            ],
            [
              127.05669036196002,
              37.53838582340919
            ],
            [
              127.0567261320858,
              37.53837641060262
            ],
            [
              127.05701808360169,
              37.53829955434257
            ],
            [
              127.05710125289521,
              37.538277664902814
            ],
            [
              127.05723148196952,
              37.53824338367662
            ],
            [
              127.0574004096683,
              37.538198912111945
            ],
            [
              127.05749498167225,
              37.53817401742199
            ],
            [
              127.057648750409,
              37.53813353530188
            ],
            [
              127.05798923023211,
              37.53804391459766
            ],
            [
              127.05801062423737,
              37.53803828365094
            ],
            [
              127.05831852355698,
              37.53795722488424
            ],
            [
              127.05876177406736,
              37.53784014362783
            ],
            [
              127.05860509107863,
              37.53781021367627
            ],
            [
              127.05854737538709,
              37.5377991879329
            ],
            [
              127.05818809722541,
              37.53773054711153
            ],
            [
              127.0581273522741,
              37.537718942411125
            ],
            [
              127.057995653966,
              37.5376937764528
            ],
            [
              127.05782623526096,
              37.537671909366026
            ],
            [
              127.05781876345355,
              37.53767094354826
            ],
            [
              127.05783438742071,
              37.53761764713884
            ]
          ]
        ]
      }
    },
    {
      "type": "Feature",
      "properties": {
        "code": "3110120",
        "name": "서울숲카페거리",
        "type": "골목상권",
        "type_code": "A",
        "admin_dong": "성수1가2동",
        "real_name": "서울숲 갤러리아포레"
      },
      "geometry": {
        "type": "Polygon",
        "coordinates": [
          [
            [
              127.04019580644658,
              37.54792554346472
            ],
            [
              127.04020065923038,
              37.547924177700594
            ],
            [
              127.04026603475867,
              37.547927625171475
            ],
            [
              127.04041452787688,
              37.54793545818024
            ],
            [
              127.04043937216848,
              37.547936767835516
            ],
            [
              127.04048605961326,
              37.54793923048464
            ],
            [
              127.04125710791614,
              37.54797990317984
            ],
            [
              127.04126276165648,
              37.547980200335886
            ],
            [
              127.04147203037957,
              37.54798702687063
            ],
            [
              127.04144460900213,
              37.547931942228
            ],
            [
              127.04138018614384,
              37.54779526078742
            ],
            [
              127.04137134463011,
              37.54777650058641
            ],
            [
              127.04137340493672,
              37.54777583312545
            ],
            [
              127.04158363182825,
              37.547707737476
            ],
            [
              127.04215884452515,
              37.54753018991698
            ],
            [
              127.04220079823506,
              37.54751860700717
            ],
            [
              127.04223037401432,
              37.547510451404314
            ],
            [
              127.04255465374595,
              37.547420944189916
            ],
            [
              127.0425472189071,
              37.547356975052324
            ],
            [
              127.0422420386221,
              37.546676112376936
            ],
            [
              127.04257849071206,
              37.546582581373954
            ],
            [
              127.04259562041668,
              37.546577816119644
            ],
            [
              127.04260083626333,
              37.546576363629725
            ],
            [
              127.04286408245869,
              37.546503185636965
            ],
            [
              127.04292909598088,
              37.5464890352565
            ],
            [
              127.04279322552414,
              37.546198954796196
            ],
            [
              127.0427861704816,
              37.546183892649516
            ],
            [
              127.04278326768846,
              37.54617750471742
            ],
            [
              127.04270099811892,
              37.5462004874458
            ],
            [
              127.042613689296,
              37.54622508111971
            ],
            [
              127.04255589446244,
              37.54624136139038
            ],
            [
              127.04234263422646,
              37.54630143197336
            ],
            [
              127.0421695397611,
              37.54634964149899
            ],
            [
              127.04209337955902,
              37.546371068299315
            ],
            [
              127.0417849684223,
              37.54645783411583
            ],
            [
              127.04174035992187,
              37.54647038459019
            ],
            [
              127.04173659115915,
              37.546471441893104
            ],
            [
              127.0415551691979,
              37.54652095089853
            ],
            [
              127.04152148665759,
              37.546530233125395
            ],
            [
              127.04147584496859,
              37.5465428712599
            ],
            [
              127.04134509626434,
              37.54657907239805
            ],
            [
              127.04115302757143,
              37.546632484936595
            ],
            [
              127.04111712613074,
              37.54664225526164
            ],
            [
              127.04107491929946,
              37.54665390004507
            ],
            [
              127.04092590319517,
              37.546695017515525
            ],
            [
              127.04083758815999,
              37.54671926333856
            ],
            [
              127.04081865703677,
              37.546724460539004
            ],
            [
              127.04077538091202,
              37.54673640471648
            ],
            [
              127.0407490219373,
              37.54674366595595
            ],
            [
              127.04066269023765,
              37.54676745415711
            ],
            [
              127.04054645572975,
              37.54679931560601
            ],
            [
              127.04052500378413,
              37.546805305602895
            ],
            [
              127.04050419777546,
              37.54681091695477
            ],
            [
              127.04046419824635,
              37.54682207152005
            ],
            [
              127.04039387290729,
              37.54684168511632
            ],
            [
              127.04028161417878,
              37.54687271602508
            ],
            [
              127.04023459957624,
              37.546885615437205
            ],
            [
              127.04020945340456,
              37.546892557189196
            ],
            [
              127.04019940172323,
              37.5468953320842
            ],
            [
              127.04012494187177,
              37.54691589477842
            ],
            [
              127.04011719039687,
              37.54691803638352
            ],
            [
              127.04011534332905,
              37.546913273429894
            ],
            [
              127.0401122962381,
              37.54690542316066
            ],
            [
              127.0400921819572,
              37.54691173698402
            ],
            [
              127.04008355938628,
              37.54691432667916
            ],
            [
              127.04004851473285,
              37.546924914495065
            ],
            [
              127.03994471013533,
              37.546956277387125
            ],
            [
              127.0398026509285,
              37.5469992912913
            ],
            [
              127.0396433905686,
              37.54704763570383
            ],
            [
              127.03947995495778,
              37.54709709042685
            ],
            [
              127.03944510475027,
              37.54710764105742
            ],
            [
              127.03942682880961,
              37.547113173888135
            ],
            [
              127.0393681473292,
              37.54713093954062
            ],
            [
              127.03932386437347,
              37.54714434313923
            ],
            [
              127.03928966782387,
              37.54715419343008
            ],
            [
              127.03933022534763,
              37.547241656104845
            ],
            [
              127.03943410854889,
              37.54746567283657
            ],
            [
              127.0395876250808,
              37.54779671779935
            ],
            [
              127.03966969025576,
              37.54800004567431
            ],
            [
              127.03969628433903,
              37.548065933080544
            ],
            [
              127.03970147657785,
              37.54806447351898
            ],
            [
              127.0398713777492,
              37.54801672190459
            ],
            [
              127.03987973804605,
              37.54801437197965
            ],
            [
              127.03993105955534,
              37.54799994946788
            ],
            [
              127.04019580644658,
              37.54792554346472
            ]
          ]
        ]
      }
    },
    {
      "type": "Feature",
      "properties": {
        "code": "3110124",
        "name": "뚝섬역교차로",
        "type": "골목상권",
        "type_code": "A",
        "admin_dong": "성수1가2동",
        "real_name": "뚝섬역 카페거리"
      },
      "geometry": {
        "type": "Polygon",
        "coordinates": [
          [
            [
              127.04733202456303,
              37.55149183180939
            ],
            [
              127.04745198617401,
              37.55115395348626
            ],
            [
              127.04751628464571,
              37.55097285131059
            ],
            [
              127.0473609316107,
              37.55094568735983
            ],
            [
              127.04715861704432,
              37.55091164122403
            ],
            [
              127.04702833917294,
              37.55066032097047
            ],
            [
              127.04695203205172,
              37.55060745462826
            ],
            [
              127.04693893691703,
              37.55061898089999
            ],
            [
              127.04692135040179,
              37.55060913907729
            ],
            [
              127.04685702673994,
              37.55049511264968
            ],
            [
              127.04685338900885,
              37.55048153064243
            ],
            [
              127.04679050908646,
              37.55049347488333
            ],
            [
              127.04676121518415,
              37.55050468229313
            ],
            [
              127.04671730518524,
              37.550520186934364
            ],
            [
              127.04659440391012,
              37.55053518936522
            ],
            [
              127.04659610446727,
              37.550481947802226
            ],
            [
              127.04655390085567,
              37.550435376528426
            ],
            [
              127.0464420954723,
              37.55042100278097
            ],
            [
              127.04639270939875,
              37.55041465303779
            ],
            [
              127.04643305288701,
              37.55007336693045
            ],
            [
              127.04643910714414,
              37.550022162612784
            ],
            [
              127.04649471660669,
              37.54996768528656
            ],
            [
              127.04652023224222,
              37.54994269055087
            ],
            [
              127.04654389727676,
              37.54988985658898
            ],
            [
              127.04652014770457,
              37.54980120770311
            ],
            [
              127.0463547514253,
              37.54961990176217
            ],
            [
              127.04632941987217,
              37.5495930078899
            ],
            [
              127.04610193379173,
              37.54935143021293
            ],
            [
              127.04607443730366,
              37.54932223057373
            ],
            [
              127.0460273718792,
              37.54925887809994
            ],
            [
              127.04592033333287,
              37.54911479965461
            ],
            [
              127.04566808716868,
              37.548759353536646
            ],
            [
              127.04565018180027,
              37.54873411447964
            ],
            [
              127.04554020924732,
              37.54874994063776
            ],
            [
              127.04553603389371,
              37.54875054771907
            ],
            [
              127.04550059543303,
              37.54871660094096
            ],
            [
              127.04541709020512,
              37.54863663342281
            ],
            [
              127.04511705415614,
              37.548349275819504
            ],
            [
              127.0450498341585,
              37.548284894495886
            ],
            [
              127.04487699572465,
              37.54811935855476
            ],
            [
              127.044865525568,
              37.548124974333355
            ],
            [
              127.04466698791528,
              37.54823291446198
            ],
            [
              127.04466509985924,
              37.54823396213663
            ],
            [
              127.04465961416051,
              37.54824035049013
            ],
            [
              127.04438852118138,
              37.54813560259202
            ],
            [
              127.04431625401689,
              37.54813078056144
            ],
            [
              127.04384326583437,
              37.54809922755912
            ],
            [
              127.0438427463987,
              37.54809919171203
            ],
            [
              127.04380982441714,
              37.54817512748727
            ],
            [
              127.04369684363124,
              37.548435762493305
            ],
            [
              127.04364048670044,
              37.54853346780618
            ],
            [
              127.04358248137449,
              37.54863403977563
            ],
            [
              127.04354948985295,
              37.54884805533432
            ],
            [
              127.04357457660767,
              37.54894645224317
            ],
            [
              127.04357682237949,
              37.548955271289394
            ],
            [
              127.0437878772703,
              37.54930991633814
            ],
            [
              127.04382513402673,
              37.54935394332345
            ],
            [
              127.04399424515849,
              37.54955380389331
            ],
            [
              127.04406056944471,
              37.54963218405036
            ],
            [
              127.04408170245625,
              37.54964291606448
            ],
            [
              127.04427686469276,
              37.5497419645875
            ],
            [
              127.04427581701987,
              37.549750009995485
            ],
            [
              127.04426326613681,
              37.54984606113467
            ],
            [
              127.0442564944388,
              37.54989788730055
            ],
            [
              127.04423038762712,
              37.550097637617995
            ],
            [
              127.04419594407649,
              37.5503611537965
            ],
            [
              127.04418386500514,
              37.55045356470744
            ],
            [
              127.04415202391506,
              37.55067673317943
            ],
            [
              127.04407619862755,
              37.551208065768996
            ],
            [
              127.04407284063652,
              37.55123249308427
            ],
            [
              127.04402992563998,
              37.551544450888535
            ],
            [
              127.04405394687915,
              37.551541143374436
            ],
            [
              127.04419387180643,
              37.55150885517338
            ],
            [
              127.04423088107005,
              37.551501416189716
            ],
            [
              127.0443965406279,
              37.551468112591515
            ],
            [
              127.04456233356152,
              37.55147280019989
            ],
            [
              127.04528534151828,
              37.551493257991304
            ],
            [
              127.04543287313675,
              37.5515041871879
            ],
            [
              127.04591680567292,
              37.55154004712638
            ],
            [
              127.04643914948075,
              37.55157874524354
            ],
            [
              127.04688992814486,
              37.551605355570594
            ],
            [
              127.04712605872902,
              37.55161929460991
            ],
            [
              127.04728346935786,
              37.551628584941966
            ],
            [
              127.04733202456303,
              37.55149183180939
            ]
          ]
        ]
      }
    },
    {
      "type": "Feature",
      "properties": {
        "code": "3110126",
        "name": "서울숲역 1번",
        "type": "골목상권",
        "type_code": "A",
        "admin_dong": "성수1가1동",
        "real_name": "서울숲 카페거리"
      },
      "geometry": {
        "type": "Polygon",
        "coordinates": [
          [
            [
              127.04731563023812,
              37.54593167603364
            ],
            [
              127.04739421279687,
              37.54590378743175
            ],
            [
              127.04742221333893,
              37.54589385709175
            ],
            [
              127.04749244286093,
              37.54586307867075
            ],
            [
              127.0474477976607,
              37.54581922607443
            ],
            [
              127.047354740003,
              37.54548944641577
            ],
            [
              127.04735442244973,
              37.54548832389827
            ],
            [
              127.04724932018931,
              37.545115863231956
            ],
            [
              127.04724341372352,
              37.545094928176965
            ],
            [
              127.04712716803081,
              37.54470677732933
            ],
            [
              127.04704476521424,
              37.544738112701836
            ],
            [
              127.0464782667561,
              37.544953544296796
            ],
            [
              127.04652834404675,
              37.54502730199139
            ],
            [
              127.04594485239329,
              37.545194809964386
            ],
            [
              127.0459236006053,
              37.545051557564506
            ],
            [
              127.04581240605991,
              37.54467955296326
            ],
            [
              127.04580270788466,
              37.54464710633748
            ],
            [
              127.04549793305814,
              37.54470115256805
            ],
            [
              127.04553076946945,
              37.544746601628816
            ],
            [
              127.04554381099169,
              37.544758022170505
            ],
            [
              127.0456222595079,
              37.54500503775587
            ],
            [
              127.0456001359541,
              37.54501970465681
            ],
            [
              127.04563036368208,
              37.54512914545667
            ],
            [
              127.04565391903753,
              37.545163264397644
            ],
            [
              127.04572658037088,
              37.54526959382471
            ],
            [
              127.04582263407332,
              37.54551106850003
            ],
            [
              127.04574884470081,
              37.54553150383958
            ],
            [
              127.04576676990027,
              37.545533001561964
            ],
            [
              127.04585793586159,
              37.54573239242615
            ],
            [
              127.04592418408826,
              37.54587728336628
            ],
            [
              127.04593293622625,
              37.54589642709256
            ],
            [
              127.04592412127961,
              37.545898487501965
            ],
            [
              127.04593573285679,
              37.545917485055
            ],
            [
              127.04594291434461,
              37.54592923489241
            ],
            [
              127.0459478570211,
              37.545929060878414
            ],
            [
              127.04594956461797,
              37.54593279395392
            ],
            [
              127.04612871433922,
              37.546310844552174
            ],
            [
              127.0461941360236,
              37.54629924294243
            ],
            [
              127.04654735552323,
              37.54619730576555
            ],
            [
              127.04656747239923,
              37.54619089083014
            ],
            [
              127.04678917530083,
              37.54612022343462
            ],
            [
              127.04681008296049,
              37.54611355586473
            ],
            [
              127.0470480128064,
              37.54602729336488
            ],
            [
              127.04713194638926,
              37.5459968637906
            ],
            [
              127.04731563023812,
              37.54593167603364
            ]
          ]
        ]
      }
    },
    {
      "type": "Feature",
      "properties": {
        "code": "3110127",
        "name": "성수1가1동주민센터",
        "type": "골목상권",
        "type_code": "A",
        "admin_dong": "성수1가1동",
        "real_name": "성수 서부"
      },
      "geometry": {
        "type": "Polygon",
        "coordinates": [
          [
            [
              127.05074723605684,
              37.541162747191855
            ],
            [
              127.05069596110152,
              37.541000291029526
            ],
            [
              127.0506841697138,
              37.54096538144912
            ],
            [
              127.05066516806063,
              37.54090666333897
            ],
            [
              127.05068700650912,
              37.5408869527061
            ],
            [
              127.05064669594675,
              37.540787667210985
            ],
            [
              127.05062935607526,
              37.54072990884633
            ],
            [
              127.05062653111054,
              37.540720486500526
            ],
            [
              127.05062454196118,
              37.54071386140071
            ],
            [
              127.05053629009737,
              37.54074785968597
            ],
            [
              127.0502764604783,
              37.54084794102735
            ],
            [
              127.05013789673362,
              37.540919177120884
            ],
            [
              127.0497825697155,
              37.5411115034928
            ],
            [
              127.04949820892864,
              37.541092006462264
            ],
            [
              127.04943279526289,
              37.54108751985441
            ],
            [
              127.0494382224553,
              37.54106076689963
            ],
            [
              127.04959332048468,
              37.5403449728416
            ],
            [
              127.0496195726028,
              37.540223844004196
            ],
            [
              127.04960805470216,
              37.54022676447896
            ],
            [
              127.04917900589957,
              37.54033576850621
            ],
            [
              127.04892200456005,
              37.54040105989406
            ],
            [
              127.04882410248649,
              37.54042589592865
            ],
            [
              127.0487514152043,
              37.54044433248507
            ],
            [
              127.04845853883114,
              37.540518617032845
            ],
            [
              127.04810767379901,
              37.54061324383971
            ],
            [
              127.04833716596511,
              37.54111895248729
            ],
            [
              127.04835627845817,
              37.54116106549974
            ],
            [
              127.0484230353262,
              37.54131965824669
            ],
            [
              127.0485669521942,
              37.54166153663825
            ],
            [
              127.04871000120713,
              37.54198926138913
            ],
            [
              127.04883109176264,
              37.54226665438229
            ],
            [
              127.0489848553922,
              37.54262554080921
            ],
            [
              127.04906785403591,
              37.54281923746217
            ],
            [
              127.04907022031605,
              37.54282475960578
            ],
            [
              127.0490845562651,
              37.54285821676863
            ],
            [
              127.04918983669069,
              37.54312767991983
            ],
            [
              127.04923100210883,
              37.54321847269599
            ],
            [
              127.04932482807251,
              37.54316212287924
            ],
            [
              127.05030537976609,
              37.54249682476729
            ],
            [
              127.05026946477706,
              37.542459773841735
            ],
            [
              127.04982579223969,
              37.54200205407188
            ],
            [
              127.05001301065886,
              37.54188510536637
            ],
            [
              127.05044643559762,
              37.541614359819285
            ],
            [
              127.05073849870782,
              37.54143191740412
            ],
            [
              127.0508170450543,
              37.541382850324425
            ],
            [
              127.05080207930688,
              37.54133745088343
            ],
            [
              127.05078280227042,
              37.54127504692458
            ],
            [
              127.05076664551282,
              37.54122361579724
            ],
            [
              127.05074753995564,
              37.54116370932899
            ],
            [
              127.05074723605684,
              37.541162747191855
            ]
          ]
        ]
      }
    },
    {
      "type": "Feature",
      "properties": {
        "code": "3110128",
        "name": "성원중학교",
        "type": "골목상권",
        "type_code": "A",
        "admin_dong": "성수1가1동",
        "real_name": "성수 남부"
      },
      "geometry": {
        "type": "Polygon",
        "coordinates": [
          [
            [
              127.05073574555264,
              37.539943816486655
            ],
            [
              127.0511988613445,
              37.539823012359044
            ],
            [
              127.05153632413226,
              37.539734984734615
            ],
            [
              127.05153549160305,
              37.53973370657899
            ],
            [
              127.05153529904725,
              37.53973341383806
            ],
            [
              127.05150719022245,
              37.53969035109567
            ],
            [
              127.0515050460448,
              37.53968706968801
            ],
            [
              127.05147094307499,
              37.53963482655917
            ],
            [
              127.05147061473485,
              37.53963452576828
            ],
            [
              127.05140964524283,
              37.53957842543435
            ],
            [
              127.05138079432378,
              37.53955190264046
            ],
            [
              127.05133001481109,
              37.53951011021535
            ],
            [
              127.05128004482692,
              37.53946898235452
            ],
            [
              127.05123270356134,
              37.53942485300185
            ],
            [
              127.0511977419613,
              37.539392265479364
            ],
            [
              127.05119736606623,
              37.539391914252356
            ],
            [
              127.05117751838976,
              37.539373415414374
            ],
            [
              127.05117112893936,
              37.53936855999118
            ],
            [
              127.0511642538257,
              37.53936333176405
            ],
            [
              127.05107149820111,
              37.53929281550498
            ],
            [
              127.05105865727762,
              37.53928005118438
            ],
            [
              127.05105572020723,
              37.539277135917175
            ],
            [
              127.05105550847631,
              37.5392769269767
            ],
            [
              127.05102200162823,
              37.539243622477365
            ],
            [
              127.05101808730136,
              37.53923789470932
            ],
            [
              127.05099487771918,
              37.53920394424091
            ],
            [
              127.05097844459637,
              37.53917990724903
            ],
            [
              127.05097779560643,
              37.539178956073144
            ],
            [
              127.05098665914099,
              37.53917317953928
            ],
            [
              127.05101664834565,
              37.53915363380739
            ],
            [
              127.05104346992849,
              37.53913822502724
            ],
            [
              127.05123570414426,
              37.539027787292426
            ],
            [
              127.05126945665087,
              37.53900839663706
            ],
            [
              127.0512920356515,
              37.53899715226229
            ],
            [
              127.05132442692563,
              37.538981022000605
            ],
            [
              127.05133417473101,
              37.538976166779236
            ],
            [
              127.05134983026093,
              37.53896836992607
            ],
            [
              127.05142486613771,
              37.53893099983093
            ],
            [
              127.05145436376091,
              37.538919241544875
            ],
            [
              127.05148524706377,
              37.53890693303726
            ],
            [
              127.05152768415773,
              37.5388900198753
            ],
            [
              127.05155908890667,
              37.53887750298979
            ],
            [
              127.05156728830632,
              37.538875195552365
            ],
            [
              127.05167948360058,
              37.53884362231502
            ],
            [
              127.05170689974997,
              37.53883590586204
            ],
            [
              127.05170920413087,
              37.53883525613294
            ],
            [
              127.05172125873331,
              37.53882676073003
            ],
            [
              127.05174648135781,
              37.53882948962161
            ],
            [
              127.05227221641086,
              37.53887450269806
            ],
            [
              127.0525019521106,
              37.538925292871525
            ],
            [
              127.05289275281271,
              37.539041955661624
            ],
            [
              127.0532416802595,
              37.53917875266977
            ],
            [
              127.05339155034278,
              37.539237513999616
            ],
            [
              127.05355602570648,
              37.53919314005326
            ],
            [
              127.05356205543859,
              37.53919160561847
            ],
            [
              127.05360894706901,
              37.53917968303114
            ],
            [
              127.05375126221502,
              37.53914348102974
            ],
            [
              127.05375122721026,
              37.53903009019003
            ],
            [
              127.05375115855692,
              37.53882095909512
            ],
            [
              127.05375113734358,
              37.538752000161814
            ],
            [
              127.05375108025525,
              37.53855424958439
            ],
            [
              127.0537509329373,
              37.538345865437506
            ],
            [
              127.0537509331795,
              37.538344626562164
            ],
            [
              127.05375086023868,
              37.53824143414532
            ],
            [
              127.0537508570955,
              37.53823705528591
            ],
            [
              127.05375077095088,
              37.5381170439026
            ],
            [
              127.05374958121034,
              37.53803113587707
            ],
            [
              127.05374919900703,
              37.538003087013514
            ],
            [
              127.05374622960036,
              37.53778809169081
            ],
            [
              127.05374538822925,
              37.537727222298955
            ],
            [
              127.05374468278383,
              37.537676018775414
            ],
            [
              127.05398012461947,
              37.537624008367686
            ],
            [
              127.05406476612858,
              37.537605311733905
            ],
            [
              127.05426462530961,
              37.537561160250974
            ],
            [
              127.05430024258703,
              37.53755329076062
            ],
            [
              127.05423873996584,
              37.53741156554997
            ],
            [
              127.05411326545654,
              37.53711089623501
            ],
            [
              127.05408212139525,
              37.537036255414876
            ],
            [
              127.05404214698464,
              37.536940478455165
            ],
            [
              127.05394957795627,
              37.53671865123693
            ],
            [
              127.0539389579365,
              37.53669320282657
            ],
            [
              127.0539143959072,
              37.53663434177461
            ],
            [
              127.05378193044115,
              37.5363146190987
            ],
            [
              127.05372555819199,
              37.53617856665582
            ],
            [
              127.05370464802564,
              37.53612810302021
            ],
            [
              127.05360637660507,
              37.535890905223724
            ],
            [
              127.05355894796914,
              37.53577714929591
            ],
            [
              127.05348121234674,
              37.535898718686916
            ],
            [
              127.05338621862822,
              37.53604727989174
            ],
            [
              127.05334439500163,
              37.536120431200494
            ],
            [
              127.0532398293794,
              37.53630334364466
            ],
            [
              127.05306988202793,
              37.53658924000772
            ],
            [
              127.05295230260644,
              37.53678704075536
            ],
            [
              127.05294257125557,
              37.5368034162957
            ],
            [
              127.05287138796807,
              37.536912007921565
            ],
            [
              127.05284608132668,
              37.53694969818375
            ],
            [
              127.05257130535989,
              37.53735887768516
            ],
            [
              127.05259446848221,
              37.537278146752676
            ],
            [
              127.05253234348949,
              37.53720075144626
            ],
            [
              127.05251864200699,
              37.53718367457403
            ],
            [
              127.0523840657154,
              37.53701600412092
            ],
            [
              127.05234480997467,
              37.53697242211974
            ],
            [
              127.0524053738649,
              37.536919840808096
            ],
            [
              127.05251984351732,
              37.53682215935488
            ],
            [
              127.05255342090925,
              37.53678406994224
            ],
            [
              127.05252828232175,
              37.53668728575173
            ],
            [
              127.05250888734412,
              37.53663290188273
            ],
            [
              127.05255555690452,
              37.53653069055425
            ],
            [
              127.0526113587074,
              37.53638083203519
            ],
            [
              127.05262307710731,
              37.536342218944
            ],
            [
              127.0524872128442,
              37.53627386644176
            ],
            [
              127.05235269556967,
              37.53622216187227
            ],
            [
              127.05232298596303,
              37.53620894925307
            ],
            [
              127.05214625078317,
              37.536130321428516
            ],
            [
              127.05196757089575,
              37.536025414711965
            ],
            [
              127.05196256335685,
              37.53601757010192
            ],
            [
              127.05190918294213,
              37.5359340086599
            ],
            [
              127.05183317093226,
              37.5358183670925
            ],
            [
              127.05172161039472,
              37.53550583908346
            ],
            [
              127.05120702116321,
              37.53565423558682
            ],
            [
              127.0511133187983,
              37.5356802150858
            ],
            [
              127.05121053059564,
              37.53599136504623
            ],
            [
              127.05123275440138,
              37.536029510977144
            ],
            [
              127.05130140836309,
              37.53614743115003
            ],
            [
              127.05136049712522,
              37.53620897984038
            ],
            [
              127.05141125774443,
              37.53623473087201
            ],
            [
              127.05138561586122,
              37.53626442729533
            ],
            [
              127.05134038272173,
              37.53631681491884
            ],
            [
              127.05135274177027,
              37.53640137564739
            ],
            [
              127.05140131171645,
              37.53642006469241
            ],
            [
              127.05130294968718,
              37.53652608133596
            ],
            [
              127.05128207834532,
              37.53654824600214
            ],
            [
              127.05121767834396,
              37.536584267115956
            ],
            [
              127.05119983068398,
              37.53660053250713
            ],
            [
              127.0511949668917,
              37.53662083956151
            ],
            [
              127.0510244356998,
              37.53657881682376
            ],
            [
              127.05089189907484,
              37.53682702394624
            ],
            [
              127.05074946955004,
              37.53674509240104
            ],
            [
              127.05068333988788,
              37.53678389895796
            ],
            [
              127.0505837351272,
              37.53667546031334
            ],
            [
              127.05066755744527,
              37.53661358151175
            ],
            [
              127.05059272556572,
              37.536529666482394
            ],
            [
              127.05055960297891,
              37.536470134449026
            ],
            [
              127.05066402531267,
              37.53642162578239
            ],
            [
              127.05067968759384,
              37.53640777158581
            ],
            [
              127.05066051262376,
              37.536362081069385
            ],
            [
              127.05078582025651,
              37.536312177594105
            ],
            [
              127.0507161019453,
              37.536173732790274
            ],
            [
              127.05069605865857,
              37.53613393159001
            ],
            [
              127.05041208691854,
              37.53621251227796
            ],
            [
              127.05040547302505,
              37.53622673378996
            ],
            [
              127.0504064100847,
              37.53621866312856
            ],
            [
              127.0504063538455,
              37.53621411490205
            ],
            [
              127.05040606204095,
              37.53619074127167
            ],
            [
              127.05040570449717,
              37.536162152678344
            ],
            [
              127.05040701660305,
              37.53610949854957
            ],
            [
              127.05037697523743,
              37.535967514587064
            ],
            [
              127.05032673529863,
              37.53590761767012
            ],
            [
              127.05032222974525,
              37.5359023181029
            ],
            [
              127.05032033986275,
              37.53590006730785
            ],
            [
              127.0482339548949,
              37.536478481024815
            ],
            [
              127.04815218849915,
              37.53650114932682
            ],
            [
              127.04837330048137,
              37.53678675899281
            ],
            [
              127.04791670096503,
              37.53691932372693
            ],
            [
              127.04763207583929,
              37.536995659000326
            ],
            [
              127.0477339882521,
              37.537187420106605
            ],
            [
              127.04766644035415,
              37.53720715046657
            ],
            [
              127.04755636307601,
              37.537246323489825
            ],
            [
              127.0473145262429,
              37.53731786725547
            ],
            [
              127.04730383666818,
              37.53732216840845
            ],
            [
              127.04719251796892,
              37.537366964732236
            ],
            [
              127.04712596713183,
              37.53740734441055
            ],
            [
              127.04711856992887,
              37.53740959986309
            ],
            [
              127.0471479902341,
              37.537469000081906
            ],
            [
              127.04725116659154,
              37.53771027375353
            ],
            [
              127.04723316846463,
              37.53771580228332
            ],
            [
              127.04716897019937,
              37.537735486868314
            ],
            [
              127.04707587407073,
              37.53775307460104
            ],
            [
              127.04697786742527,
              37.53777261037445
            ],
            [
              127.04681763061603,
              37.5378093149872
            ],
            [
              127.04680670518653,
              37.53777856547597
            ],
            [
              127.04677164597652,
              37.53779008784324
            ],
            [
              127.04629467358167,
              37.53794684440758
            ],
            [
              127.04631731944937,
              37.537993624470275
            ],
            [
              127.04607996211675,
              37.53807470463399
            ],
            [
              127.04604691486503,
              37.53807592396394
            ],
            [
              127.04602892146039,
              37.53801395207371
            ],
            [
              127.04599594450553,
              37.537947209814725
            ],
            [
              127.04598695844892,
              37.53792337194683
            ],
            [
              127.04597496449473,
              37.53790431235256
            ],
            [
              127.04596896698483,
              37.53788285196026
            ],
            [
              127.04595396841245,
              37.53783518677493
            ],
            [
              127.04592998388596,
              37.537780361229466
            ],
            [
              127.04591799397392,
              37.537749380492684
            ],
            [
              127.0459030038932,
              37.53771362561927
            ],
            [
              127.04588502384021,
              37.537673106515
            ],
            [
              127.04586404802056,
              37.537634975321
            ],
            [
              127.04591193298661,
              37.53762064882921
            ],
            [
              127.04588044841503,
              37.537531265617474
            ],
            [
              127.0458662034221,
              37.53749082434591
            ],
            [
              127.04571393363038,
              37.537533633150304
            ],
            [
              127.04550178665454,
              37.53759325138115
            ],
            [
              127.04552335423142,
              37.53763170767279
            ],
            [
              127.04554205272888,
              37.53766506450409
            ],
            [
              127.04567775138975,
              37.53791706511802
            ],
            [
              127.04570732169029,
              37.53798647574558
            ],
            [
              127.04575368694832,
              37.53802334654257
            ],
            [
              127.04580066145054,
              37.53808873013805
            ],
            [
              127.04593383168583,
              37.538292630623566
            ],
            [
              127.04595176769556,
              37.53832009424051
            ],
            [
              127.04603288020286,
              37.53844604770322
            ],
            [
              127.04604800891279,
              37.538469540790345
            ],
            [
              127.0460751337057,
              37.53851166998792
            ],
            [
              127.04621764547511,
              37.538727854332954
            ],
            [
              127.04633737134462,
              37.53890601802892
            ],
            [
              127.04637693985285,
              37.5389616843019
            ],
            [
              127.04640013929603,
              37.53900650985397
            ],
            [
              127.04644883764708,
              37.53908189270284
            ],
            [
              127.0464783956564,
              37.539129607046576
            ],
            [
              127.04650447432272,
              37.53916265537283
            ],
            [
              127.04654192095792,
              37.539210086382155
            ],
            [
              127.04633560221268,
              37.53927985716735
            ],
            [
              127.04599909086885,
              37.53937796707448
            ],
            [
              127.04594631061634,
              37.539400727961606
            ],
            [
              127.0457069173292,
              37.53950394481892
            ],
            [
              127.04545142627254,
              37.53960078650425
            ],
            [
              127.04547578415134,
              37.53964956988021
            ],
            [
              127.0455382270625,
              37.539774628040234
            ],
            [
              127.04573107280366,
              37.53970649648368
            ],
            [
              127.04594041863581,
              37.54016188961965
            ],
            [
              127.0459824127416,
              37.5402532418731
            ],
            [
              127.04617163328955,
              37.54017665783286
            ],
            [
              127.04621819204395,
              37.540157814127625
            ],
            [
              127.04622210537893,
              37.54016795064691
            ],
            [
              127.04625406453647,
              37.54015308514973
            ],
            [
              127.0462954520391,
              37.54013383348442
            ],
            [
              127.04631658582733,
              37.540127689387894
            ],
            [
              127.04650270888976,
              37.54006582746825
            ],
            [
              127.04662833601394,
              37.54002398234586
            ],
            [
              127.04666563157497,
              37.54001155994356
            ],
            [
              127.04671809697189,
              37.540136688988795
            ],
            [
              127.04674389607503,
              37.5401561863284
            ],
            [
              127.04679291161239,
              37.54015616691612
            ],
            [
              127.04762408857023,
              37.539870123054925
            ],
            [
              127.04764505007958,
              37.53991715670759
            ],
            [
              127.0477007292886,
              37.540042147069116
            ],
            [
              127.04798508724146,
              37.54053912160752
            ],
            [
              127.04803821228163,
              37.54063197597246
            ],
            [
              127.04810605715002,
              37.54061367607723
            ],
            [
              127.04810767379901,
              37.54061324383971
            ],
            [
              127.04845853883114,
              37.540518617032845
            ],
            [
              127.0487514152043,
              37.54044433248507
            ],
            [
              127.04882410248649,
              37.54042589592865
            ],
            [
              127.04892200456005,
              37.54040105989406
            ],
            [
              127.04917900589957,
              37.54033576850621
            ],
            [
              127.04960805470216,
              37.54022676447896
            ],
            [
              127.0496195726028,
              37.540223844004196
            ],
            [
              127.05042118247256,
              37.54002011454148
            ],
            [
              127.05044329537212,
              37.54002009969173
            ],
            [
              127.05073574555264,
              37.539943816486655
            ]
          ]
        ]
      }
    }
  ]
}